HSEBD,HSEAU,HSEAD,HSEBU,CN,RD,Rda,hotspot
22.00, 21.00, 24.00, 23.00, 45.00, 2.90, 3.74, -1
20.00, 23.00, 23.00, 26.00, 46.00, 2.94, 4.56, -1
23.00, 22.00, 27.00, 26.00, 49.00, 3.52, 4.28, 1
14.00, 10.00, 29.00, 25.00, 39.00, 3.02, 3.59, -1
22.00, 25.00, 23.00, 26.00, 48.00, 6.18, 6.45, -1
23.00, 24.00, 25.00, 26.00, 49.00, 3.78, 5.46, -1
24.00, 23.00, 24.00, 23.00, 47.00, 2.61, 3.49, -1
13.00, 16.00, 24.00, 27.00, 40.00, 2.50, 2.73, -1
14.00, 17.00, 23.00, 26.00, 40.00, 2.69, 2.91, -1
21.00, 21.00, 24.00, 24.00, 45.00, 3.46, 4.35, 1
23.00, 21.00, 24.00, 22.00, 45.00, 2.06, 2.72, 1
23.00, 24.00, 28.00, 29.00, 52.00, 2.48, 2.00, 1
10.00, 5.00, 27.00, 22.00, 32.00, 2.10, 2.31, -1
19.00, 19.00, 20.00, 20.00, 39.00, 2.33, 2.00, -1
13.00, 12.00, 36.00, 35.00, 48.00, 5.66, 5.41, 1
12.00, 14.00, 23.00, 25.00, 37.00, 1.76, 2.00, 1
31.00, 27.00, 29.00, 25.00, 56.00, 2.66, 3.22, 1
29.00, 28.00, 28.00, 27.00, 56.00, 2.17, 2.00, 1
20.00, 17.00, 17.00, 14.00, 34.00, 1.82, 2.00, -1
26.00, 26.00, 29.00, 29.00, 55.00, 3.24, 4.83, 1
27.00, 26.00, 26.00, 25.00, 52.00, 2.23, 2.82, 1
23.00, 24.00, 18.00, 19.00, 42.00, 3.83, 4.41, -1
17.00, 24.00, 18.00, 25.00, 42.00, 1.93, 2.37, 1
29.00, 27.00, 22.00, 20.00, 49.00, 2.31, 2.37, 1
31.00, 29.00, 25.00, 23.00, 54.00, 5.21, 5.44, 1
7.00, 0.00, 32.00, 25.00, 32.00, 2.15, 2.00, 1
23.00, 27.00, 9.00, 13.00, 36.00, 2.27, 2.00, 1
24.00, 22.00, 26.00, 24.00, 48.00, 2.76, 2.86, 1
25.00, 22.00, 31.00, 28.00, 53.00, 6.46, 6.00, 1
20.00, 17.00, 23.00, 20.00, 40.00, 2.62, 3.18, 1
25.00, 24.00, 24.00, 23.00, 48.00, 6.70, 6.77, 1
20.00, 21.00, 26.00, 27.00, 47.00, 2.93, 2.58, 1
26.00, 24.00, 31.00, 29.00, 55.00, 5.88, 5.85, 1
25.00, 23.00, 19.00, 17.00, 42.00, 6.71, 6.43, 1
15.00, 11.00, 27.00, 23.00, 38.00, 2.78, 2.74, -1
18.00, 21.00, 30.00, 33.00, 51.00, 2.95, 3.38, -1
26.00, 28.00, 27.00, 29.00, 55.00, 5.71, 6.08, -1
23.00, 24.00, 30.00, 31.00, 54.00, 5.08, 5.11, 1
16.00, 16.00, 34.00, 34.00, 50.00, 5.19, 5.84, -1
7.00, 13.00, 28.00, 34.00, 41.00, 2.41, 2.71, -1
24.00, 22.00, 29.00, 27.00, 51.00, 6.65, 7.01, -1
7.00, 11.00, 20.00, 24.00, 31.00, 1.99, 2.47, -1
4.00, 8.00, 17.00, 21.00, 25.00, 1.85, 2.31, -1
16.00, 11.00, 18.00, 13.00, 29.00, 2.40, 2.00, -1
17.00, 19.00, 16.00, 18.00, 35.00, 1.77, 2.36, -1
24.00, 21.00, 20.00, 17.00, 41.00, 4.28, 2.66, -1
16.00, 15.00, 26.00, 25.00, 41.00, 2.45, 2.00, -1
22.00, 24.00, 18.00, 20.00, 42.00, 4.27, 4.85, -1
24.00, 20.00, 26.00, 22.00, 46.00, 3.02, 2.93, -1
7.00, 12.00, 18.00, 23.00, 30.00, 1.96, 2.69, -1
19.00, 22.00, 27.00, 30.00, 49.00, 5.66, 5.28, 1
28.00, 28.00, 23.00, 23.00, 51.00, 5.06, 5.22, 1
21.00, 20.00, 26.00, 25.00, 46.00, 1.99, 2.00, -1
26.00, 16.00, 29.00, 19.00, 45.00, 3.03, 2.99, -1
10.00, 8.00, 28.00, 26.00, 36.00, 3.36, 3.94, -1
20.00, 14.00, 35.00, 29.00, 49.00, 5.54, 6.42, -1
11.00, 11.00, 18.00, 18.00, 29.00, 2.57, 2.86, -1
27.00, 30.00, 24.00, 27.00, 54.00, 7.27, 5.84, 1
16.00, 18.00, 23.00, 25.00, 41.00, 2.95, 4.27, -1
1.00, 12.00, 13.00, 24.00, 25.00, 1.79, 2.00, -1
5.00, 8.00, 17.00, 20.00, 25.00, 1.91, 2.47, -1
13.00, 15.00, 10.00, 12.00, 25.00, 1.98, 2.33, -1
7.00, 15.00, 10.00, 18.00, 25.00, 1.89, 2.48, -1
24.00, 27.00, 19.00, 22.00, 46.00, 4.63, 4.10, -1
15.00, 16.00, 26.00, 27.00, 42.00, 3.83, 3.87, -1
29.00, 31.00, 18.00, 20.00, 49.00, 4.19, 3.78, -1
22.00, 22.00, 25.00, 25.00, 47.00, 3.11, 2.70, 1
22.00, 21.00, 26.00, 25.00, 47.00, 2.99, 2.69, -1
24.00, 21.00, 24.00, 21.00, 45.00, 5.24, 5.88, 1
14.00, 19.00, 19.00, 24.00, 38.00, 1.86, 2.31, -1
23.00, 18.00, 24.00, 19.00, 42.00, 2.60, 2.55, -1
21.00, 21.00, 28.00, 28.00, 49.00, 4.83, 5.21, -1
26.00, 29.00, 21.00, 24.00, 50.00, 5.84, 6.42, -1
17.00, 13.00, 32.00, 28.00, 45.00, 2.08, 2.62, -1
21.00, 24.00, 18.00, 21.00, 42.00, 2.50, 2.81, 1
7.00, 10.00, 22.00, 25.00, 32.00, 1.79, 2.00, -1
11.00, 9.00, 26.00, 24.00, 35.00, 2.07, 2.11, -1
23.00, 23.00, 25.00, 25.00, 48.00, 5.88, 5.82, 1
20.00, 22.00, 27.00, 29.00, 49.00, 3.37, 3.74, -1
26.00, 19.00, 31.00, 24.00, 50.00, 2.39, 2.20, -1
30.00, 28.00, 21.00, 19.00, 49.00, 2.69, 2.34, -1
29.00, 26.00, 24.00, 21.00, 50.00, 7.32, 6.53, 1
16.00, 18.00, 17.00, 19.00, 35.00, 2.84, 2.97, 1
25.00, 21.00, 13.00, 9.00, 34.00, 3.45, 2.00, 1
17.00, 16.00, 23.00, 22.00, 39.00, 3.96, 3.16, 1
25.00, 27.00, 26.00, 28.00, 53.00, 7.49, 8.42, 1
24.00, 25.00, 19.00, 20.00, 44.00, 5.12, 4.69, 1
33.00, 33.00, 15.00, 15.00, 48.00, 4.88, 4.13, 1
29.00, 23.00, 24.00, 18.00, 47.00, 5.05, 3.91, 1
32.00, 27.00, 12.00, 7.00, 39.00, 4.00, 2.79, 1
22.00, 26.00, 15.00, 19.00, 41.00, 2.25, 2.67, -1
14.00, 17.00, 30.00, 33.00, 47.00, 2.37, 2.60, -1
24.00, 25.00, 31.00, 32.00, 56.00, 4.33, 6.15, -1
21.00, 22.00, 29.00, 30.00, 51.00, 4.32, 5.27, -1
12.00, 6.00, 19.00, 13.00, 25.00, 1.84, 2.00, -1
12.00, 16.00, 19.00, 23.00, 35.00, 2.46, 2.61, -1
27.00, 28.00, 21.00, 22.00, 49.00, 6.04, 5.98, -1
32.00, 28.00, 25.00, 21.00, 53.00, 4.97, 5.33, -1
16.00, 22.00, 23.00, 29.00, 45.00, 4.34, 5.11, -1
24.00, 22.00, 30.00, 28.00, 52.00, 3.17, 3.47, -1
33.00, 33.00, 26.00, 26.00, 59.00, 5.72, 4.96, -1
12.00, 19.00, 15.00, 22.00, 34.00, 1.92, 2.58, -1
20.00, 26.00, 21.00, 27.00, 47.00, 2.23, 2.71, -1
11.00, 14.00, 22.00, 25.00, 36.00, 2.42, 2.00, -1
13.00, 11.00, 24.00, 22.00, 35.00, 1.97, 2.00, -1
14.00, 5.00, 23.00, 14.00, 28.00, 2.19, 2.00, -1
17.00, 13.00, 28.00, 24.00, 41.00, 2.32, 2.26, -1
14.00, 18.00, 24.00, 28.00, 42.00, 2.42, 3.19, -1
25.00, 27.00, 22.00, 24.00, 49.00, 5.68, 6.36, -1
13.00, 8.00, 31.00, 26.00, 39.00, 2.53, 3.02, -1
18.00, 17.00, 27.00, 26.00, 44.00, 2.98, 3.96, -1
15.00, 9.00, 31.00, 25.00, 40.00, 1.86, 2.00, -1
11.00, 15.00, 19.00, 23.00, 34.00, 2.35, 2.80, -1
23.00, 22.00, 18.00, 17.00, 40.00, 5.12, 4.91, -1
15.00, 16.00, 20.00, 21.00, 36.00, 1.95, 2.44, -1
22.00, 27.00, 14.00, 19.00, 41.00, 3.44, 2.94, -1
23.00, 27.00, 21.00, 25.00, 48.00, 2.03, 2.36, -1
18.00, 21.00, 21.00, 24.00, 42.00, 2.37, 2.00, -1
12.00, 18.00, 20.00, 26.00, 38.00, 3.36, 4.53, -1
7.00, 3.00, 24.00, 20.00, 27.00, 1.83, 2.00, -1
25.00, 24.00, 29.00, 28.00, 53.00, 5.81, 6.30, -1
25.00, 22.00, 29.00, 26.00, 51.00, 5.39, 7.95, -1
28.00, 28.00, 28.00, 28.00, 56.00, 8.25, 8.62, -1
31.00, 23.00, 36.00, 28.00, 59.00, 4.86, 6.11, 1
27.00, 27.00, 33.00, 33.00, 60.00, 7.10, 6.59, 1
29.00, 24.00, 30.00, 25.00, 54.00, 6.44, 7.36, -1
23.00, 27.00, 24.00, 28.00, 51.00, 3.17, 4.21, 1
25.00, 19.00, 30.00, 24.00, 49.00, 3.16, 3.15, -1
17.00, 10.00, 24.00, 17.00, 34.00, 1.83, 2.00, -1
6.00, 4.00, 22.00, 20.00, 26.00, 1.82, 2.00, -1
24.00, 28.00, 26.00, 30.00, 54.00, 6.67, 6.33, 1
22.00, 20.00, 31.00, 29.00, 51.00, 6.00, 6.62, 1
14.00, 16.00, 24.00, 26.00, 40.00, 5.12, 5.96, 1
13.00, 19.00, 14.00, 20.00, 33.00, 2.58, 2.99, 1
6.00, 3.00, 23.00, 20.00, 26.00, 1.86, 2.00, -1
15.00, 10.00, 20.00, 15.00, 30.00, 2.07, 2.00, -1
24.00, 15.00, 26.00, 17.00, 41.00, 2.17, 2.00, -1
29.00, 28.00, 20.00, 19.00, 48.00, 3.32, 5.12, -1
5.00, 10.00, 17.00, 22.00, 27.00, 1.81, 2.00, -1
27.00, 24.00, 25.00, 22.00, 49.00, 5.25, 5.25, -1
13.00, 8.00, 24.00, 19.00, 32.00, 2.31, 2.00, -1
15.00, 9.00, 31.00, 25.00, 40.00, 2.18, 2.00, -1
10.00, 14.00, 28.00, 32.00, 42.00, 1.85, 2.00, 1
30.00, 29.00, 28.00, 27.00, 57.00, 4.65, 5.80, -1
24.00, 26.00, 25.00, 27.00, 51.00, 4.32, 5.69, 1
19.00, 17.00, 30.00, 28.00, 47.00, 2.31, 2.87, -1
23.00, 27.00, 24.00, 28.00, 51.00, 2.83, 3.46, -1
33.00, 33.00, 24.00, 24.00, 57.00, 4.99, 4.95, 1
27.00, 24.00, 27.00, 24.00, 51.00, 5.30, 4.89, 1
23.00, 27.00, 20.00, 24.00, 47.00, 3.96, 2.68, 1
7.00, 8.00, 17.00, 18.00, 25.00, 1.98, 2.00, 1
16.00, 16.00, 15.00, 15.00, 31.00, 1.84, 2.16, 1
17.00, 17.00, 25.00, 25.00, 42.00, 1.96, 2.75, 1
30.00, 31.00, 22.00, 23.00, 53.00, 1.61, 2.00, 1
34.00, 30.00, 23.00, 19.00, 53.00, 2.95, 2.72, 1
10.00, 8.00, 16.00, 14.00, 24.00, 1.89, 2.00, 1
22.00, 22.00, 25.00, 25.00, 47.00, 2.52, 2.00, 1
9.00, 13.00, 12.00, 16.00, 25.00, 2.06, 2.62, 1
3.00, 0.00, 16.00, 13.00, 16.00, 1.67, 2.00, 1
21.00, 14.00, 21.00, 14.00, 35.00, 2.43, 2.00, -1
15.00, 7.00, 21.00, 13.00, 28.00, 1.96, 2.00, -1
23.00, 22.00, 25.00, 24.00, 47.00, 3.24, 3.19, -1
10.00, 5.00, 27.00, 22.00, 32.00, 2.34, 2.18, -1
19.00, 17.00, 24.00, 22.00, 41.00, 3.62, 5.41, -1
19.00, 19.00, 12.00, 12.00, 31.00, 1.90, 2.23, -1
12.00, 22.00, 20.00, 30.00, 42.00, 4.26, 4.32, -1
13.00, 12.00, 24.00, 23.00, 36.00, 2.30, 3.09, -1
7.00, 10.00, 31.00, 34.00, 41.00, 2.18, 2.88, -1
24.00, 27.00, 23.00, 26.00, 50.00, 5.25, 5.55, 1
32.00, 30.00, 30.00, 28.00, 60.00, 7.36, 7.50, 1
20.00, 16.00, 28.00, 24.00, 44.00, 2.63, 2.72, -1
28.00, 30.00, 15.00, 17.00, 45.00, 3.67, 2.00, 1
19.00, 19.00, 18.00, 18.00, 37.00, 2.01, 2.00, -1
25.00, 25.00, 22.00, 22.00, 47.00, 3.56, 5.17, -1
10.00, 9.00, 22.00, 21.00, 31.00, 2.01, 2.00, -1
25.00, 21.00, 22.00, 18.00, 43.00, 2.21, 2.00, -1
10.00, 15.00, 24.00, 29.00, 39.00, 2.33, 2.72, -1
27.00, 27.00, 27.00, 27.00, 54.00, 3.98, 3.79, 1
26.00, 23.00, 27.00, 24.00, 50.00, 2.75, 2.70, 1
23.00, 23.00, 22.00, 22.00, 45.00, 3.44, 4.09, -1
30.00, 27.00, 22.00, 19.00, 49.00, 2.74, 2.00, -1
21.00, 19.00, 18.00, 16.00, 37.00, 3.09, 3.28, 1
19.00, 19.00, 19.00, 19.00, 38.00, 2.72, 2.64, -1
20.00, 22.00, 20.00, 22.00, 42.00, 3.16, 3.51, -1
16.00, 14.00, 27.00, 25.00, 41.00, 1.97, 2.00, -1
25.00, 23.00, 19.00, 17.00, 42.00, 5.48, 5.24, -1
19.00, 12.00, 26.00, 19.00, 38.00, 2.74, 3.72, -1
14.00, 8.00, 29.00, 23.00, 37.00, 3.01, 3.81, -1
20.00, 17.00, 28.00, 25.00, 45.00, 3.53, 4.26, -1
28.00, 21.00, 27.00, 20.00, 48.00, 6.11, 6.25, -1
20.00, 15.00, 32.00, 27.00, 47.00, 4.82, 7.32, 1
22.00, 20.00, 30.00, 28.00, 50.00, 3.24, 3.91, 1
29.00, 29.00, 27.00, 27.00, 56.00, 30.73, 30.70, 1
24.00, 35.00, 19.00, 30.00, 54.00, 27.56, 28.10, 1
21.00, 19.00, 16.00, 14.00, 35.00, 2.14, 2.00, 1
17.00, 10.00, 21.00, 14.00, 31.00, 2.23, 2.00, -1
23.00, 21.00, 23.00, 21.00, 44.00, 4.61, 5.28, -1
29.00, 28.00, 24.00, 23.00, 52.00, 5.98, 5.50, -1
21.00, 18.00, 21.00, 18.00, 39.00, 2.03, 2.00, -1
19.00, 14.00, 22.00, 17.00, 36.00, 2.01, 2.29, -1
15.00, 14.00, 17.00, 16.00, 31.00, 1.89, 2.00, -1
17.00, 17.00, 26.00, 26.00, 43.00, 2.16, 2.00, -1
10.00, 12.00, 20.00, 22.00, 32.00, 2.00, 2.80, -1
18.00, 17.00, 17.00, 16.00, 34.00, 1.79, 2.00, -1
22.00, 18.00, 32.00, 28.00, 50.00, 3.66, 3.83, -1
25.00, 20.00, 27.00, 22.00, 47.00, 3.49, 4.44, -1
18.00, 21.00, 22.00, 25.00, 43.00, 5.67, 5.68, 1
19.00, 16.00, 22.00, 19.00, 38.00, 2.36, 2.00, 1
14.00, 11.00, 25.00, 22.00, 36.00, 2.29, 2.00, -1
19.00, 12.00, 27.00, 20.00, 39.00, 2.43, 2.29, -1
24.00, 27.00, 22.00, 25.00, 49.00, 8.63, 7.91, 1
19.00, 21.00, 28.00, 30.00, 49.00, 6.37, 6.88, 1
25.00, 22.00, 28.00, 25.00, 50.00, 8.72, 8.77, 1
22.00, 22.00, 25.00, 25.00, 47.00, 4.71, 5.11, 1
5.00, 12.00, 22.00, 29.00, 34.00, 2.27, 2.79, -1
22.00, 20.00, 33.00, 31.00, 53.00, 7.09, 7.00, -1
11.00, 13.00, 25.00, 27.00, 38.00, 3.75, 4.62, -1
25.00, 24.00, 31.00, 30.00, 55.00, 6.28, 5.56, 1
29.00, 29.00, 23.00, 23.00, 52.00, 5.72, 6.60, 1
22.00, 20.00, 21.00, 19.00, 41.00, 5.88, 4.81, 1
22.00, 25.00, 17.00, 20.00, 42.00, 3.97, 3.57, 1
21.00, 14.00, 21.00, 14.00, 35.00, 3.83, 3.73, -1
19.00, 24.00, 14.00, 19.00, 38.00, 3.53, 4.28, 1
20.00, 13.00, 19.00, 12.00, 32.00, 3.05, 2.54, 1
15.00, 15.00, 11.00, 11.00, 26.00, 2.38, 2.00, -1
23.00, 27.00, 24.00, 28.00, 51.00, 8.16, 8.94, 1
28.00, 28.00, 22.00, 22.00, 50.00, 8.51, 8.92, 1
19.00, 25.00, 17.00, 23.00, 42.00, 5.41, 5.20, 1
17.00, 23.00, 24.00, 30.00, 47.00, 4.21, 6.30, -1
11.00, 15.00, 27.00, 31.00, 42.00, 2.56, 3.37, -1
26.00, 23.00, 21.00, 18.00, 44.00, 2.89, 3.76, -1
17.00, 17.00, 30.00, 30.00, 47.00, 3.54, 4.33, 1
23.00, 22.00, 24.00, 23.00, 46.00, 4.91, 6.97, 1
4.00, 14.00, 21.00, 31.00, 35.00, 2.86, 3.20, -1
7.00, 7.00, 27.00, 27.00, 34.00, 2.27, 2.00, -1
21.00, 21.00, 22.00, 22.00, 43.00, 4.79, 4.76, 1
27.00, 25.00, 21.00, 19.00, 46.00, 6.33, 6.64, -1
10.00, 8.00, 21.00, 19.00, 29.00, 1.83, 2.00, -1
16.00, 15.00, 37.00, 36.00, 52.00, 4.84, 4.83, -1
11.00, 14.00, 24.00, 27.00, 38.00, 2.10, 2.69, -1
14.00, 25.00, 20.00, 31.00, 45.00, 2.55, 2.54, -1
20.00, 15.00, 27.00, 22.00, 42.00, 3.53, 2.00, 1
21.00, 22.00, 18.00, 19.00, 40.00, 2.74, 2.65, 1
22.00, 19.00, 28.00, 25.00, 47.00, 3.09, 3.80, 1
28.00, 23.00, 27.00, 22.00, 50.00, 4.42, 4.30, 1
19.00, 20.00, 25.00, 26.00, 45.00, 2.40, 2.00, -1
12.00, 15.00, 20.00, 23.00, 35.00, 1.77, 2.31, -1
19.00, 15.00, 31.00, 27.00, 46.00, 3.46, 5.73, 1
14.00, 12.00, 34.00, 32.00, 46.00, 3.70, 5.24, -1
9.00, 12.00, 24.00, 27.00, 36.00, 1.91, 2.33, -1
17.00, 12.00, 18.00, 13.00, 30.00, 2.44, 2.00, 1
24.00, 21.00, 24.00, 21.00, 45.00, 7.15, 7.48, 1
32.00, 27.00, 28.00, 23.00, 55.00, 7.83, 7.32, 1
25.00, 23.00, 25.00, 23.00, 48.00, 2.97, 2.41, -1
21.00, 23.00, 19.00, 21.00, 42.00, 5.11, 5.09, 1
22.00, 16.00, 11.00, 5.00, 27.00, 2.29, 2.00, -1
0.00, 0.00, 20.00, 20.00, 20.00, 1.90, 2.00, -1
4.00, 3.00, 23.00, 22.00, 26.00, 2.34, 2.00, -1
28.00, 25.00, 16.00, 13.00, 41.00, 4.84, 3.88, 1
18.00, 22.00, 23.00, 27.00, 45.00, 2.50, 3.01, 1
33.00, 31.00, 21.00, 19.00, 52.00, 5.65, 5.68, -1
13.00, 13.00, 26.00, 26.00, 39.00, 2.84, 3.45, -1
16.00, 17.00, 21.00, 22.00, 38.00, 2.26, 2.67, 1
28.00, 25.00, 11.00, 8.00, 36.00, 2.44, 2.74, -1
13.00, 14.00, 16.00, 17.00, 30.00, 2.24, 2.00, -1
25.00, 29.00, 19.00, 23.00, 48.00, 5.74, 5.77, 1
13.00, 16.00, 26.00, 29.00, 42.00, 3.64, 4.71, 1
30.00, 35.00, 21.00, 26.00, 56.00, 6.88, 6.74, -1
28.00, 28.00, 22.00, 22.00, 50.00, 5.35, 3.77, 1
16.00, 13.00, 23.00, 20.00, 36.00, 2.37, 2.00, 1
10.00, 16.00, 16.00, 22.00, 32.00, 2.85, 4.69, 1
30.00, 29.00, 22.00, 21.00, 51.00, 5.66, 5.48, 1
16.00, 16.00, 20.00, 20.00, 36.00, 2.58, 2.58, 1
26.00, 29.00, 20.00, 23.00, 49.00, 5.70, 5.78, 1
23.00, 23.00, 13.00, 13.00, 36.00, 2.22, 2.76, 1
27.00, 28.00, 20.00, 21.00, 48.00, 7.12, 6.91, 1
26.00, 25.00, 20.00, 19.00, 45.00, 5.04, 4.50, 1
30.00, 31.00, 33.00, 34.00, 64.00, 6.77, 7.42, 1
25.00, 29.00, 33.00, 37.00, 62.00, 6.38, 7.83, 1
24.00, 25.00, 21.00, 22.00, 46.00, 4.78, 7.24, 1
17.00, 17.00, 18.00, 18.00, 35.00, 4.82, 5.42, 1
24.00, 22.00, 27.00, 25.00, 49.00, 6.44, 6.97, 1
17.00, 21.00, 18.00, 22.00, 39.00, 2.87, 2.50, -1
39.00, 33.00, 31.00, 25.00, 64.00, 6.94, 6.62, 1
32.00, 26.00, 33.00, 27.00, 59.00, 3.12, 3.95, -1
22.00, 22.00, 29.00, 29.00, 51.00, 2.40, 2.70, -1
24.00, 25.00, 24.00, 25.00, 49.00, 2.38, 3.17, -1
15.00, 8.00, 25.00, 18.00, 33.00, 2.23, 2.00, -1
14.00, 13.00, 27.00, 26.00, 40.00, 2.23, 2.54, -1
21.00, 28.00, 24.00, 31.00, 52.00, 5.16, 5.71, 1
23.00, 24.00, 27.00, 28.00, 51.00, 2.37, 2.64, -1
26.00, 32.00, 21.00, 27.00, 53.00, 4.13, 4.86, 1
14.00, 14.00, 16.00, 16.00, 30.00, 1.92, 2.00, 1
8.00, 12.00, 22.00, 26.00, 34.00, 1.87, 2.72, -1
27.00, 30.00, 13.00, 16.00, 43.00, 3.31, 2.33, 1
29.00, 27.00, 31.00, 29.00, 58.00, 3.27, 2.88, 1
39.00, 34.00, 28.00, 23.00, 62.00, 6.40, 6.60, 1
23.00, 26.00, 32.00, 35.00, 58.00, 3.97, 5.15, 1
30.00, 28.00, 30.00, 28.00, 58.00, 3.48, 4.77, 1
17.00, 12.00, 32.00, 27.00, 44.00, 2.29, 2.00, 1
8.00, 10.00, 25.00, 27.00, 35.00, 2.10, 2.65, -1
23.00, 20.00, 22.00, 19.00, 42.00, 4.96, 5.07, 1
14.00, 18.00, 19.00, 23.00, 37.00, 2.16, 2.00, -1
13.00, 14.00, 14.00, 15.00, 28.00, 2.54, 2.67, -1
28.00, 23.00, 13.00, 8.00, 36.00, 3.62, 3.17, -1
5.00, 3.00, 28.00, 26.00, 31.00, 2.26, 2.00, -1
20.00, 29.00, 10.00, 19.00, 39.00, 4.31, 4.50, 1
24.00, 20.00, 12.00, 8.00, 32.00, 2.45, 2.72, 1
16.00, 18.00, 14.00, 16.00, 32.00, 2.77, 3.09, 1
12.00, 5.00, 12.00, 5.00, 17.00, 1.89, 2.00, -1
18.00, 15.00, 7.00, 4.00, 22.00, 1.92, 2.00, -1
24.00, 23.00, 13.00, 12.00, 36.00, 4.63, 5.15, 1
18.00, 20.00, 12.00, 14.00, 32.00, 2.21, 2.00, 1
