hydrophobicity,hydrophilicity,polarity,polarizability,propensities,aasa,hotspot
-0.62, 3, 12.3, 0.151, -0.13, 68.2, -1
0.37, -3.4, 5.4, 0.409, 0.83, 34.7, -1
0.37, -3.4, 5.4, 0.409, 0.83, 34.7, 1
-0.62, 3, 12.3, 0.151, -0.13, 68.2, -1
-0.26, 0.3, 9.2, 0.062, -0.33, 42, -1
0.37, -3.4, 5.4, 0.409, 0.83, 34.7, -1
-1.1, 3, 11.3, 0.219, -0.36, 103, -1
-0.62, 3, 12.3, 0.151, -0.13, 68.2, -1
-0.62, 3, 12.3, 0.151, -0.13, 68.2, -1
0.02, -2.3, 6.2, 0.298, 0.66, 55.2, 1
-0.72, 3, 13, 0.105, -0.38, 60.6, 1
0.02, -2.3, 6.2, 0.298, 0.66, 55.2, 1
-1.76, 3, 10.5, 0.291, 0.27, 94.7, -1
0.73, -1.8, 5.2, 0.186, 0.44, 22.8, -1
0.54, -1.5, 5.9, 0.14, 0.27, 23.7, 1
-0.62, 3, 12.3, 0.151, -0.13, 68.2, 1
-0.62, 3, 12.3, 0.151, -0.13, 68.2, 1
-0.64, 2, 11.6, 0.134, 0.12, 60.1, 1
-0.64, 2, 11.6, 0.134, 0.12, 60.1, -1
0.02, -2.3, 6.2, 0.298, 0.66, 55.2, 1
0.54, -1.5, 5.9, 0.14, 0.27, 23.7, 1
-1.1, 3, 11.3, 0.219, -0.36, 103, -1
0.61, -2.5, 5.2, 0.29, 0.82, 25.5, 1
-0.69, 0.2, 10.5, 0.18, -0.11, 68.7, 1
0.02, -2.3, 6.2, 0.298, 0.66, 55.2, 1
-1.1, 3, 11.3, 0.219, -0.36, 103, 1
-0.72, 3, 13, 0.105, -0.38, 60.6, 1
-0.72, 3, 13, 0.105, -0.38, 60.6, 1
0.02, -2.3, 6.2, 0.298, 0.66, 55.2, 1
0.02, -2.3, 6.2, 0.298, 0.66, 55.2, 1
0.37, -3.4, 5.4, 0.409, 0.83, 34.7, 1
-0.64, 2, 11.6, 0.134, 0.12, 60.1, 1
-0.64, 2, 11.6, 0.134, 0.12, 60.1, 1
0.02, -2.3, 6.2, 0.298, 0.66, 55.2, 1
-1.1, 3, 11.3, 0.219, -0.36, 103, -1
-0.18, -0.4, 8.6, 0.108, -0.18, 45, -1
-0.64, 2, 11.6, 0.134, 0.12, 60.1, -1
-1.1, 3, 11.3, 0.219, -0.36, 103, 1
0.73, -1.8, 5.2, 0.186, 0.44, 22.8, -1
-0.62, 3, 12.3, 0.151, -0.13, 68.2, -1
-0.69, 0.2, 10.5, 0.18, -0.11, 68.7, -1
-1.1, 3, 11.3, 0.219, -0.36, 103, -1
-0.26, 0.3, 9.2, 0.062, -0.33, 42, -1
0.16, 0, 9, 0, -0.07, 24.5, -1
-0.72, 3, 13, 0.105, -0.38, 60.6, -1
0.37, -3.4, 5.4, 0.409, 0.83, 34.7, -1
-1.1, 3, 11.3, 0.219, -0.36, 103, -1
-0.26, 0.3, 9.2, 0.062, -0.33, 42, -1
-1.1, 3, 11.3, 0.219, -0.36, 103, -1
0.02, -2.3, 6.2, 0.298, 0.66, 55.2, -1
-0.72, 3, 13, 0.105, -0.38, 60.6, 1
-0.18, -0.4, 8.6, 0.108, -0.18, 45, 1
-0.72, 3, 13, 0.105, -0.38, 60.6, -1
-0.62, 3, 12.3, 0.151, -0.13, 68.2, -1
0.53, -1.8, 4.9, 0.186, 0.4, 27.6, -1
0.61, -2.5, 5.2, 0.29, 0.82, 25.5, -1
0.02, -2.3, 6.2, 0.298, 0.66, 55.2, -1
-1.76, 3, 10.5, 0.291, 0.27, 94.7, 1
-1.76, 3, 10.5, 0.291, 0.27, 94.7, -1
-0.69, 0.2, 10.5, 0.18, -0.11, 68.7, -1
-0.62, 3, 12.3, 0.151, -0.13, 68.2, -1
0.37, -3.4, 5.4, 0.409, 0.83, 34.7, -1
-0.26, 0.3, 9.2, 0.062, -0.33, 42, -1
-0.18, -0.4, 8.6, 0.108, -0.18, 45, -1
-0.26, 0.3, 9.2, 0.062, -0.33, 42, -1
0.73, -1.8, 5.2, 0.186, 0.44, 22.8, -1
0.37, -3.4, 5.4, 0.409, 0.83, 34.7, 1
0.73, -1.8, 5.2, 0.186, 0.44, 22.8, -1
-0.07, 0, 8, 0.131, -0.25, 51.5, 1
-0.62, 3, 12.3, 0.151, -0.13, 68.2, -1
-1.1, 3, 11.3, 0.219, -0.36, 103, -1
-0.26, 0.3, 9.2, 0.062, -0.33, 42, -1
-0.72, 3, 13, 0.105, -0.38, 60.6, -1
-0.62, 3, 12.3, 0.151, -0.13, 68.2, -1
0.73, -1.8, 5.2, 0.186, 0.44, 22.8, 1
-0.69, 0.2, 10.5, 0.18, -0.11, 68.7, -1
-1.1, 3, 11.3, 0.219, -0.36, 103, -1
0.37, -3.4, 5.4, 0.409, 0.83, 34.7, 1
0.54, -1.5, 5.9, 0.14, 0.27, 23.7, -1
-1.76, 3, 10.5, 0.291, 0.27, 94.7, -1
-0.26, 0.3, 9.2, 0.062, -0.33, 42, -1
0.02, -2.3, 6.2, 0.298, 0.66, 55.2, 1
0.53, -1.8, 4.9, 0.186, 0.4, 27.6, 1
0.61, -2.5, 5.2, 0.29, 0.82, 25.5, 1
-0.72, 3, 13, 0.105, -0.38, 60.6, 1
0.54, -1.5, 5.9, 0.14, 0.27, 23.7, 1
-0.72, 3, 13, 0.105, -0.38, 60.6, 1
0.02, -2.3, 6.2, 0.298, 0.66, 55.2, 1
0.02, -2.3, 6.2, 0.298, 0.66, 55.2, 1
0.02, -2.3, 6.2, 0.298, 0.66, 55.2, 1
-0.26, 0.3, 9.2, 0.062, -0.33, 42, -1
-0.69, 0.2, 10.5, 0.18, -0.11, 68.7, -1
-0.4, -0.5, 10.4, 0.23, 0.41, 50.7, -1
-1.1, 3, 11.3, 0.219, -0.36, 103, -1
-0.64, 2, 11.6, 0.134, 0.12, 60.1, -1
-0.69, 0.2, 10.5, 0.18, -0.11, 68.7, -1
-1.1, 3, 11.3, 0.219, -0.36, 103, -1
-0.69, 0.2, 10.5, 0.18, -0.11, 68.7, -1
-0.26, 0.3, 9.2, 0.062, -0.33, 42, -1
0.53, -1.8, 4.9, 0.186, 0.4, 27.6, -1
-0.18, -0.4, 8.6, 0.108, -0.18, 45, -1
-0.64, 2, 11.6, 0.134, 0.12, 60.1, -1
-1.76, 3, 10.5, 0.291, 0.27, 94.7, -1
-0.26, 0.3, 9.2, 0.062, -0.33, 42, -1
-0.72, 3, 13, 0.105, -0.38, 60.6, -1
-0.69, 0.2, 10.5, 0.18, -0.11, 68.7, -1
-0.62, 3, 12.3, 0.151, -0.13, 68.2, -1
-0.4, -0.5, 10.4, 0.23, 0.41, 50.7, -1
-0.4, -0.5, 10.4, 0.23, 0.41, 50.7, -1
-0.69, 0.2, 10.5, 0.18, -0.11, 68.7, -1
0.61, -2.5, 5.2, 0.29, 0.82, 25.5, -1
-0.72, 3, 13, 0.105, -0.38, 60.6, -1
0.02, -2.3, 6.2, 0.298, 0.66, 55.2, -1
0.53, -1.8, 4.9, 0.186, 0.4, 27.6, -1
-0.69, 0.2, 10.5, 0.18, -0.11, 68.7, -1
-0.26, 0.3, 9.2, 0.062, -0.33, 42, -1
-0.62, 3, 12.3, 0.151, -0.13, 68.2, -1
-0.26, 0.3, 9.2, 0.062, -0.33, 42, -1
-0.64, 2, 11.6, 0.134, 0.12, 60.1, -1
-0.62, 3, 12.3, 0.151, -0.13, 68.2, -1
0.02, -2.3, 6.2, 0.298, 0.66, 55.2, -1
-1.76, 3, 10.5, 0.291, 0.27, 94.7, -1
-0.72, 3, 13, 0.105, -0.38, 60.6, -1
-1.1, 3, 11.3, 0.219, -0.36, 103, 1
-0.18, -0.4, 8.6, 0.108, -0.18, 45, 1
0.61, -2.5, 5.2, 0.29, 0.82, 25.5, -1
-1.76, 3, 10.5, 0.291, 0.27, 94.7, 1
0.73, -1.8, 5.2, 0.186, 0.44, 22.8, -1
-1.76, 3, 10.5, 0.291, 0.27, 94.7, -1
0.02, -2.3, 6.2, 0.298, 0.66, 55.2, -1
0.37, -3.4, 5.4, 0.409, 0.83, 34.7, 1
0.37, -3.4, 5.4, 0.409, 0.83, 34.7, 1
-0.72, 3, 13, 0.105, -0.38, 60.6, 1
-0.72, 3, 13, 0.105, -0.38, 60.6, 1
-0.72, 3, 13, 0.105, -0.38, 60.6, -1
0.02, -2.3, 6.2, 0.298, 0.66, 55.2, -1
-0.64, 2, 11.6, 0.134, 0.12, 60.1, -1
0.16, 0, 9, 0, -0.07, 24.5, -1
0.16, 0, 9, 0, -0.07, 24.5, -1
-0.18, -0.4, 8.6, 0.108, -0.18, 45, -1
-0.62, 3, 12.3, 0.151, -0.13, 68.2, -1
0.02, -2.3, 6.2, 0.298, 0.66, 55.2, -1
0.16, 0, 9, 0, -0.07, 24.5, 1
0.02, -2.3, 6.2, 0.298, 0.66, 55.2, -1
0.37, -3.4, 5.4, 0.409, 0.83, 34.7, 1
-0.26, 0.3, 9.2, 0.062, -0.33, 42, -1
-0.18, -0.4, 8.6, 0.108, -0.18, 45, -1
-0.72, 3, 13, 0.105, -0.38, 60.6, 1
-1.1, 3, 11.3, 0.219, -0.36, 103, 1
0.61, -2.5, 5.2, 0.29, 0.82, 25.5, 1
-0.07, 0, 8, 0.131, -0.25, 51.5, 1
0.54, -1.5, 5.9, 0.14, 0.27, 23.7, 1
-0.4, -0.5, 10.4, 0.23, 0.41, 50.7, 1
0.16, 0, 9, 0, -0.07, 24.5, 1
-0.07, 0, 8, 0.131, -0.25, 51.5, 1
-0.07, 0, 8, 0.131, -0.25, 51.5, 1
-0.62, 3, 12.3, 0.151, -0.13, 68.2, 1
-0.69, 0.2, 10.5, 0.18, -0.11, 68.7, 1
0.37, -3.4, 5.4, 0.409, 0.83, 34.7, 1
0.53, -1.8, 4.9, 0.186, 0.4, 27.6, -1
0.73, -1.8, 5.2, 0.186, 0.44, 22.8, -1
0.73, -1.8, 5.2, 0.186, 0.44, 22.8, -1
0.53, -1.8, 4.9, 0.186, 0.4, 27.6, -1
-0.62, 3, 12.3, 0.151, -0.13, 68.2, -1
-0.69, 0.2, 10.5, 0.18, -0.11, 68.7, -1
0.54, -1.5, 5.9, 0.14, 0.27, 23.7, -1
-0.64, 2, 11.6, 0.134, 0.12, 60.1, -1
-0.62, 3, 12.3, 0.151, -0.13, 68.2, -1
-0.64, 2, 11.6, 0.134, 0.12, 60.1, 1
0.61, -2.5, 5.2, 0.29, 0.82, 25.5, 1
-0.4, -0.5, 10.4, 0.23, 0.41, 50.7, -1
0.02, -2.3, 6.2, 0.298, 0.66, 55.2, 1
-1.76, 3, 10.5, 0.291, 0.27, 94.7, -1
0.37, -3.4, 5.4, 0.409, 0.83, 34.7, -1
-1.76, 3, 10.5, 0.291, 0.27, 94.7, -1
0.53, -1.8, 4.9, 0.186, 0.4, 27.6, -1
-0.18, -0.4, 8.6, 0.108, -0.18, 45, -1
-1.1, 3, 11.3, 0.219, -0.36, 103, 1
-1.1, 3, 11.3, 0.219, -0.36, 103, 1
0.73, -1.8, 5.2, 0.186, 0.44, 22.8, -1
-0.26, 0.3, 9.2, 0.062, -0.33, 42, -1
-0.72, 3, 13, 0.105, -0.38, 60.6, 1
0.73, -1.8, 5.2, 0.186, 0.44, 22.8, -1
-0.18, -0.4, 8.6, 0.108, -0.18, 45, -1
-0.69, 0.2, 10.5, 0.18, -0.11, 68.7, -1
-0.18, -0.4, 8.6, 0.108, -0.18, 45, -1
-0.69, 0.2, 10.5, 0.18, -0.11, 68.7, -1
-1.76, 3, 10.5, 0.291, 0.27, 94.7, -1
-1.1, 3, 11.3, 0.219, -0.36, 103, -1
-1.76, 3, 10.5, 0.291, 0.27, 94.7, -1
-1.76, 3, 10.5, 0.291, 0.27, 94.7, 1
-0.64, 2, 11.6, 0.134, 0.12, 60.1, 1
-0.18, -0.4, 8.6, 0.108, -0.18, 45, 1
-0.26, 0.3, 9.2, 0.062, -0.33, 42, 1
-1.76, 3, 10.5, 0.291, 0.27, 94.7, 1
-0.4, -0.5, 10.4, 0.23, 0.41, 50.7, -1
-0.69, 0.2, 10.5, 0.18, -0.11, 68.7, -1
-0.4, -0.5, 10.4, 0.23, 0.41, 50.7, -1
-1.76, 3, 10.5, 0.291, 0.27, 94.7, -1
-1.76, 3, 10.5, 0.291, 0.27, 94.7, -1
-0.64, 2, 11.6, 0.134, 0.12, 60.1, -1
-0.4, -0.5, 10.4, 0.23, 0.41, 50.7, -1
0.37, -3.4, 5.4, 0.409, 0.83, 34.7, -1
-0.62, 3, 12.3, 0.151, -0.13, 68.2, -1
-0.4, -0.5, 10.4, 0.23, 0.41, 50.7, -1
0.02, -2.3, 6.2, 0.298, 0.66, 55.2, -1
0.37, -3.4, 5.4, 0.409, 0.83, 34.7, 1
-0.72, 3, 13, 0.105, -0.38, 60.6, 1
-0.64, 2, 11.6, 0.134, 0.12, 60.1, -1
-0.72, 3, 13, 0.105, -0.38, 60.6, -1
-0.62, 3, 12.3, 0.151, -0.13, 68.2, 1
-0.72, 3, 13, 0.105, -0.38, 60.6, 1
0.02, -2.3, 6.2, 0.298, 0.66, 55.2, 1
0.02, -2.3, 6.2, 0.298, 0.66, 55.2, 1
-1.1, 3, 11.3, 0.219, -0.36, 103, -1
-0.4, -0.5, 10.4, 0.23, 0.41, 50.7, -1
-0.72, 3, 13, 0.105, -0.38, 60.6, -1
0.73, -1.8, 5.2, 0.186, 0.44, 22.8, 1
0.02, -2.3, 6.2, 0.298, 0.66, 55.2, 1
0.02, -2.3, 6.2, 0.298, 0.66, 55.2, 1
-1.1, 3, 11.3, 0.219, -0.36, 103, 1
-0.72, 3, 13, 0.105, -0.38, 60.6, -1
-0.64, 2, 11.6, 0.134, 0.12, 60.1, 1
-1.76, 3, 10.5, 0.291, 0.27, 94.7, 1
-0.62, 3, 12.3, 0.151, -0.13, 68.2, -1
-0.62, 3, 12.3, 0.151, -0.13, 68.2, 1
-1.76, 3, 10.5, 0.291, 0.27, 94.7, 1
-0.4, -0.5, 10.4, 0.23, 0.41, 50.7, 1
0.02, -2.3, 6.2, 0.298, 0.66, 55.2, -1
0.02, -2.3, 6.2, 0.298, 0.66, 55.2, -1
0.37, -3.4, 5.4, 0.409, 0.83, 34.7, -1
0.53, -1.8, 4.9, 0.186, 0.4, 27.6, 1
0.61, -2.5, 5.2, 0.29, 0.82, 25.5, 1
-0.72, 3, 13, 0.105, -0.38, 60.6, -1
-0.26, 0.3, 9.2, 0.062, -0.33, 42, -1
0.73, -1.8, 5.2, 0.186, 0.44, 22.8, 1
-0.26, 0.3, 9.2, 0.062, -0.33, 42, -1
-0.62, 3, 12.3, 0.151, -0.13, 68.2, -1
0.54, -1.5, 5.9, 0.14, 0.27, 23.7, -1
-0.72, 3, 13, 0.105, -0.38, 60.6, -1
-0.62, 3, 12.3, 0.151, -0.13, 68.2, -1
-1.1, 3, 11.3, 0.219, -0.36, 103, 1
0.02, -2.3, 6.2, 0.298, 0.66, 55.2, 1
-1.1, 3, 11.3, 0.219, -0.36, 103, 1
-0.64, 2, 11.6, 0.134, 0.12, 60.1, 1
-0.26, 0.3, 9.2, 0.062, -0.33, 42, -1
-0.62, 3, 12.3, 0.151, -0.13, 68.2, -1
0.37, -3.4, 5.4, 0.409, 0.83, 34.7, 1
-1.76, 3, 10.5, 0.291, 0.27, 94.7, -1
-1.1, 3, 11.3, 0.219, -0.36, 103, -1
0.02, -2.3, 6.2, 0.298, 0.66, 55.2, 1
-0.72, 3, 13, 0.105, -0.38, 60.6, 1
-0.72, 3, 13, 0.105, -0.38, 60.6, 1
-0.18, -0.4, 8.6, 0.108, -0.18, 45, -1
-0.62, 3, 12.3, 0.151, -0.13, 68.2, 1
-0.18, -0.4, 8.6, 0.108, -0.18, 45, -1
-0.26, 0.3, 9.2, 0.062, -0.33, 42, -1
-0.26, 0.3, 9.2, 0.062, -0.33, 42, -1
0.53, -1.8, 4.9, 0.186, 0.4, 27.6, 1
0.54, -1.5, 5.9, 0.14, 0.27, 23.7, 1
0.54, -1.5, 5.9, 0.14, 0.27, 23.7, -1
-0.18, -0.4, 8.6, 0.108, -0.18, 45, -1
-0.62, 3, 12.3, 0.151, -0.13, 68.2, 1
-0.4, -0.5, 10.4, 0.23, 0.41, 50.7, -1
-0.26, 0.3, 9.2, 0.062, -0.33, 42, -1
-0.26, 0.3, 9.2, 0.062, -0.33, 42, 1
-0.72, 3, 13, 0.105, -0.38, 60.6, 1
0.73, -1.8, 5.2, 0.186, 0.44, 22.8, -1
0.02, -2.3, 6.2, 0.298, 0.66, 55.2, 1
0.02, -2.3, 6.2, 0.298, 0.66, 55.2, 1
-1.76, 3, 10.5, 0.291, 0.27, 94.7, 1
0.54, -1.5, 5.9, 0.14, 0.27, 23.7, 1
-0.62, 3, 12.3, 0.151, -0.13, 68.2, 1
-0.26, 0.3, 9.2, 0.062, -0.33, 42, 1
-0.07, 0, 8, 0.131, -0.25, 51.5, 1
0.53, -1.8, 4.9, 0.186, 0.4, 27.6, 1
0.61, -2.5, 5.2, 0.29, 0.82, 25.5, 1
-0.18, -0.4, 8.6, 0.108, -0.18, 45, 1
-0.62, 3, 12.3, 0.151, -0.13, 68.2, 1
0.02, -2.3, 6.2, 0.298, 0.66, 55.2, 1
-1.76, 3, 10.5, 0.291, 0.27, 94.7, 1
-1.76, 3, 10.5, 0.291, 0.27, 94.7, 1
-0.18, -0.4, 8.6, 0.108, -0.18, 45, -1
-1.1, 3, 11.3, 0.219, -0.36, 103, 1
-1.76, 3, 10.5, 0.291, 0.27, 94.7, -1
0.73, -1.8, 5.2, 0.186, 0.44, 22.8, -1
0.54, -1.5, 5.9, 0.14, 0.27, 23.7, -1
-1.76, 3, 10.5, 0.291, 0.27, 94.7, -1
-0.18, -0.4, 8.6, 0.108, -0.18, 45, -1
-0.62, 3, 12.3, 0.151, -0.13, 68.2, 1
-1.1, 3, 11.3, 0.219, -0.36, 103, -1
-1.1, 3, 11.3, 0.219, -0.36, 103, 1
-0.64, 2, 11.6, 0.134, 0.12, 60.1, 1
-0.72, 3, 13, 0.105, -0.38, 60.6, -1
0.37, -3.4, 5.4, 0.409, 0.83, 34.7, 1
-0.18, -0.4, 8.6, 0.108, -0.18, 45, 1
0.53, -1.8, 4.9, 0.186, 0.4, 27.6, 1
-0.62, 3, 12.3, 0.151, -0.13, 68.2, 1
0.02, -2.3, 6.2, 0.298, 0.66, 55.2, 1
-1.76, 3, 10.5, 0.291, 0.27, 94.7, 1
-0.64, 2, 11.6, 0.134, 0.12, 60.1, -1
0.73, -1.8, 5.2, 0.186, 0.44, 22.8, 1
-1.1, 3, 11.3, 0.219, -0.36, 103, -1
0.02, -2.3, 6.2, 0.298, 0.66, 55.2, -1
0.53, -1.8, 4.9, 0.186, 0.4, 27.6, -1
-0.72, 3, 13, 0.105, -0.38, 60.6, -1
0.73, -1.8, 5.2, 0.186, 0.44, 22.8, 1
0.61, -2.5, 5.2, 0.29, 0.82, 25.5, 1
0.53, -1.8, 4.9, 0.186, 0.4, 27.6, 1
-1.1, 3, 11.3, 0.219, -0.36, 103, -1
-0.69, 0.2, 10.5, 0.18, -0.11, 68.7, -1
0.54, -1.5, 5.9, 0.14, 0.27, 23.7, 1
0.37, -3.4, 5.4, 0.409, 0.83, 34.7, 1
