masa_all,del_asa_all,sbr_all,rasa_all,del_rasa_all,hotspot
51,30,0.588235294,0.262886598,0.154639175,-1
39,33,0.846153846,0.171806167,0.145374449,-1
42,36,0.857142857,0.185022026,0.158590308,1
58,30,0.517241379,0.298969072,0.154639175,-1
3,3,1,0.023076923,0.023076923,-1
71,54,0.76056338,0.31277533,0.237885463,-1
96,52,0.541666667,0.468292683,0.253658537,-1
50,7,0.14,0.257731959,0.036082474,-1
54,32,0.592592593,0.278350515,0.164948454,-1
121,117,0.966942149,0.545045045,0.527027027,1
130,98,0.753846154,0.797546012,0.601226994,1
183,176,0.961748634,0.824324324,0.792792793,1
168,36,0.214285714,0.677419355,0.14516129,-1
41,32,0.780487805,0.24260355,0.189349112,-1
38,36,0.947368421,0.267605634,0.253521127,1
161,70,0.434782609,0.829896907,0.360824742,1
116,102,0.879310345,0.597938144,0.525773196,1
69,58,0.84057971,0.439490446,0.369426752,1
75,53,0.706666667,0.477707006,0.337579618,-1
33,26,0.787878788,0.148648649,0.117117117,1
87,67,0.770114943,0.612676056,0.471830986,1
45,38,0.844444444,0.219512195,0.185365854,-1
145,45,0.310344828,0.736040609,0.228426396,1
20,12,0.6,0.101010101,0.060606061,1
0,0,0,0,0,1
161,0,0,0.785365854,0,1
75,5,0.066666667,0.460122699,0.030674847,1
35,27,0.771428571,0.214723926,0.165644172,1
78,78,1,0.351351351,0.351351351,1
153,112,0.732026144,0.689189189,0.504504505,1
116,94,0.810344828,0.511013216,0.414096916,1
70,54,0.771428571,0.445859873,0.343949045,1
35,35,1,0.222929936,0.222929936,1
125,121,0.968,0.563063063,0.545045045,1
110,3,0.027272727,0.536585366,0.014634146,-1
109,74,0.678899083,0.767605634,0.521126761,-1
155,154,0.993548387,0.987261146,0.98089172,-1
123,107,0.869918699,0.6,0.52195122,1
28,24,0.857142857,0.165680473,0.142011834,-1
74,16,0.216216216,0.381443299,0.082474227,-1
32,29,0.90625,0.161616162,0.146464646,-1
157,54,0.343949045,0.765853659,0.263414634,-1
113,34,0.300884956,0.869230769,0.261538462,-1
29,11,0.379310345,0.345238095,0.130952381,-1
152,60,0.394736842,0.932515337,0.36809816,-1
97,67,0.690721649,0.427312775,0.295154185,-1
87,45,0.517241379,0.424390244,0.219512195,-1
45,29,0.644444444,0.346153846,0.223076923,-1
36,25,0.694444444,0.175609756,0.12195122,-1
160,46,0.2875,0.720720721,0.207207207,-1
53,45,0.849056604,0.325153374,0.27607362,1
18,16,0.888888889,0.126760563,0.112676056,1
107,82,0.76635514,0.656441718,0.503067485,-1
17,3,0.176470588,0.087628866,0.015463918,-1
80,53,0.6625,0.487804878,0.323170732,-1
63,63,1,0.319796954,0.319796954,-1
94,30,0.319148936,0.423423423,0.135135135,-1
34,31,0.911764706,0.137096774,0.125,1
43,1,0.023255814,0.173387097,0.004032258,-1
193,29,0.150259067,0.974747475,0.146464646,-1
128,25,0.1953125,0.659793814,0.128865979,-1
99,4,0.04040404,0.436123348,0.017621145,-1
72,26,0.361111111,0.553846154,0.2,-1
15,12,0.8,0.105633803,0.084507042,-1
36,31,0.861111111,0.276923077,0.238461538,-1
21,19,0.904761905,0.124260355,0.112426036,-1
161,154,0.956521739,0.709251101,0.678414097,1
34,13,0.382352941,0.201183432,0.076923077,-1
34,34,1,0.25,0.25,1
103,49,0.475728155,0.530927835,0.25257732,-1
71,19,0.267605634,0.346341463,0.092682927,-1
12,12,1,0.092307692,0.092307692,-1
30,23,0.766666667,0.18404908,0.141104294,-1
111,75,0.675675676,0.572164948,0.386597938,-1
57,28,0.49122807,0.337278107,0.165680473,1
140,36,0.257142857,0.707070707,0.181818182,-1
159,65,0.408805031,0.775609756,0.317073171,-1
90,89,0.988888889,0.396475771,0.392070485,1
70,40,0.571428571,0.492957746,0.281690141,-1
105,44,0.419047619,0.423387097,0.177419355,-1
41,31,0.756097561,0.315384615,0.238461538,-1
2,0,0,0.009009009,0,1
34,13,0.382352941,0.207317073,0.079268293,1
125,105,0.84,0.634517766,0.532994924,1
107,95,0.887850467,0.656441718,0.582822086,1
50,50,1,0.352112676,0.352112676,1
29,23,0.793103448,0.17791411,0.141104294,1
16,0,0,0.072072072,0,1
133,122,0.917293233,0.599099099,0.54954955,1
61,49,0.803278689,0.274774775,0.220720721,1
46,3,0.065217391,0.353846154,0.023076923,-1
68,27,0.397058824,0.343434343,0.136363636,-1
66,39,0.590909091,0.358695652,0.211956522,-1
27,27,1,0.131707317,0.131707317,-1
114,17,0.149122807,0.72611465,0.108280255,-1
107,32,0.299065421,0.54040404,0.161616162,-1
114,88,0.771929825,0.556097561,0.429268293,-1
120,101,0.841666667,0.606060606,0.51010101,-1
90,80,0.888888889,0.692307692,0.615384615,-1
33,30,0.909090909,0.201219512,0.182926829,-1
57,24,0.421052632,0.401408451,0.169014085,-1
68,28,0.411764706,0.433121019,0.178343949,-1
120,62,0.516666667,0.483870968,0.25,-1
92,53,0.576086957,0.707692308,0.407692308,-1
100,46,0.46,0.613496933,0.282208589,-1
126,34,0.26984127,0.636363636,0.171717172,-1
16,4,0.25,0.082474227,0.020618557,-1
96,73,0.760416667,0.52173913,0.39673913,-1
30,29,0.966666667,0.163043478,0.157608696,-1
65,16,0.246153846,0.328282828,0.080808081,-1
76,49,0.644736842,0.385786802,0.248730964,-1
75,1,0.013333333,0.460122699,0.006134969,-1
124,87,0.701612903,0.558558559,0.391891892,-1
65,65,1,0.396341463,0.396341463,-1
161,84,0.52173913,0.813131313,0.424242424,-1
13,12,0.923076923,0.1,0.092307692,-1
67,25,0.373134328,0.345360825,0.128865979,-1
100,77,0.77,0.769230769,0.592307692,-1
61,39,0.639344262,0.388535032,0.248407643,-1
144,32,0.222222222,0.742268041,0.164948454,-1
32,29,0.90625,0.144144144,0.130630631,-1
61,39,0.639344262,0.245967742,0.157258065,-1
77,71,0.922077922,0.472392638,0.435582822,-1
39,31,0.794871795,0.190243902,0.151219512,1
56,49,0.875,0.394366197,0.345070423,1
6,6,1,0.030456853,0.030456853,-1
104,64,0.615384615,0.419354839,0.258064516,1
21,21,1,0.124260355,0.124260355,-1
103,2,0.019417476,0.415322581,0.008064516,-1
199,76,0.381909548,0.896396396,0.342342342,-1
19,19,1,0.083700441,0.083700441,1
63,26,0.412698413,0.27753304,0.114537445,1
89,12,0.134831461,0.54601227,0.073619632,1
65,0,0,0.398773006,0,1
77,18,0.233766234,0.472392638,0.110429448,-1
116,89,0.767241379,0.522522523,0.400900901,-1
22,0,0,0.140127389,0,-1
62,58,0.935483871,0.329787234,0.308510638,-1
6,4,0.666666667,0.071428571,0.047619048,-1
24,0,0,0.169014085,0,-1
93,50,0.537634409,0.479381443,0.257731959,-1
130,79,0.607692308,0.585585586,0.355855856,-1
16,0,0,0.19047619,0,1
71,69,0.971830986,0.31981982,0.310810811,-1
116,115,0.99137931,0.511013216,0.50660793,1
66,55,0.833333333,0.507692308,0.423076923,-1
103,87,0.844660194,0.725352113,0.612676056,-1
167,157,0.94011976,1.024539877,0.963190184,1
26,24,0.923076923,0.126829268,0.117073171,1
161,146,0.906832298,0.817258883,0.741116751,1
90,37,0.411111111,0.661764706,0.272058824,1
90,34,0.377777778,0.633802817,0.23943662,1
152,69,0.453947368,0.826086957,0.375,1
72,56,0.777777778,0.857142857,0.666666667,1
122,122,1,0.897058824,0.897058824,1
124,36,0.290322581,0.911764706,0.264705882,1
108,108,1,0.556701031,0.556701031,1
72,23,0.319444444,0.363636364,0.116161616,1
136,99,0.727941176,0.599118943,0.436123348,1
128,115,0.8984375,0.780487805,0.701219512,-1
83,8,0.096385542,0.49112426,0.047337278,-1
80,72,0.9,0.473372781,0.426035503,-1
92,1,0.010869565,0.56097561,0.006097561,-1
86,69,0.802325581,0.443298969,0.355670103,-1
85,37,0.435294118,0.429292929,0.186868687,-1
130,109,0.838461538,0.915492958,0.767605634,-1
71,34,0.478873239,0.452229299,0.21656051,-1
167,73,0.437125749,0.860824742,0.37628866,-1
25,25,1,0.159235669,0.159235669,1
102,101,0.990196078,0.517766497,0.512690355,1
40,15,0.375,0.217391304,0.081521739,-1
75,75,1,0.337837838,0.337837838,1
161,126,0.782608696,0.649193548,0.508064516,-1
35,21,0.6,0.154185022,0.092511013,-1
155,71,0.458064516,0.625,0.286290323,-1
67,61,0.910447761,0.408536585,0.37195122,-1
51,15,0.294117647,0.35915493,0.105633803,-1
50,50,1,0.243902439,0.243902439,1
100,82,0.82,0.487804878,0.4,1
7,2,0.285714286,0.041420118,0.01183432,-1
40,40,1,0.307692308,0.307692308,-1
100,99,0.99,0.613496933,0.607361963,1
109,72,0.660550459,0.644970414,0.426035503,-1
32,19,0.59375,0.225352113,0.133802817,-1
71,19,0.267605634,0.358585859,0.095959596,-1
10,8,0.8,0.070422535,0.056338028,-1
59,15,0.254237288,0.297979798,0.075757576,-1
128,61,0.4765625,0.516129032,0.245967742,-1
53,10,0.188679245,0.258536585,0.048780488,-1
102,96,0.941176471,0.411290323,0.387096774,-1
160,133,0.83125,0.64516129,0.536290323,1
91,89,0.978021978,0.579617834,0.566878981,1
144,144,1,1.014084507,1.014084507,1
97,87,0.896907216,0.746153846,0.669230769,1
142,102,0.718309859,0.572580645,0.411290323,1
109,25,0.229357798,0.592391304,0.135869565,-1
45,29,0.644444444,0.227272727,0.146464646,-1
11,5,0.454545455,0.059782609,0.027173913,-1
180,146,0.811111111,0.725806452,0.588709677,-1
192,75,0.390625,0.774193548,0.302419355,-1
105,12,0.114285714,0.668789809,0.076433121,-1
101,72,0.712871287,0.548913043,0.391304348,-1
181,96,0.53038674,0.797356828,0.422907489,-1
84,52,0.619047619,0.432989691,0.268041237,-1
85,62,0.729411765,0.461956522,0.336956522,-1
62,32,0.516129032,0.279279279,0.144144144,-1
80,71,0.8875,0.352422907,0.31277533,1
119,78,0.655462185,0.73006135,0.478527607,1
97,56,0.577319588,0.617834395,0.356687898,-1
72,51,0.708333333,0.441717791,0.312883436,-1
28,28,1,0.144329897,0.144329897,1
112,69,0.616071429,0.687116564,0.423312883,1
182,155,0.851648352,0.81981982,0.698198198,1
143,67,0.468531469,0.644144144,0.301801802,1
101,5,0.04950495,0.492682927,0.024390244,-1
62,31,0.5,0.336956522,0.168478261,-1
19,0,0,0.139705882,0,-1
85,49,0.576470588,0.50295858,0.289940828,1
208,198,0.951923077,0.936936937,0.891891892,1
90,0,0,0.405405405,0,1
73,56,0.767123288,0.356097561,0.273170732,1
37,0,0,0.226993865,0,-1
29,2,0.068965517,0.184713376,0.012738854,1
214,170,0.794392523,0.862903226,0.685483871,1
153,77,0.503267974,0.788659794,0.396907216,-1
16,10,0.625,0.082474227,0.051546392,1
3,3,1,0.012096774,0.012096774,1
108,108,1,0.586956522,0.586956522,1
112,89,0.794642857,0.504504505,0.400900901,-1
117,57,0.487179487,0.527027027,0.256756757,-1
108,76,0.703703704,0.475770925,0.334801762,-1
47,40,0.85106383,0.286585366,0.243902439,1
62,50,0.806451613,0.314720812,0.253807107,1
84,40,0.476190476,0.515337423,0.245398773,-1
109,33,0.302752294,0.838461538,0.253846154,-1
76,59,0.776315789,0.449704142,0.349112426,1
31,31,1,0.238461538,0.238461538,-1
169,48,0.284023669,0.871134021,0.24742268,-1
2,1,0.5,0.014084507,0.007042254,-1
89,20,0.224719101,0.54601227,0.122699387,-1
83,58,0.698795181,0.427835052,0.298969072,-1
37,36,0.972972973,0.180487805,0.175609756,1
129,123,0.953488372,0.581081081,0.554054054,1
136,110,0.808823529,0.663414634,0.536585366,1
125,125,1,0.796178344,0.796178344,1
45,22,0.488888889,0.346153846,0.169230769,-1
172,76,0.441860465,0.886597938,0.391752577,-1
84,51,0.607142857,0.370044053,0.224669604,1
41,24,0.585365854,0.165322581,0.096774194,-1
174,72,0.413793103,0.848780488,0.351219512,-1
163,100,0.613496933,0.734234234,0.45045045,1
135,132,0.977777778,0.828220859,0.809815951,1
92,90,0.97826087,0.564417178,0.552147239,1
71,42,0.591549296,0.5,0.295774648,-1
40,40,1,0.206185567,0.206185567,1
38,16,0.421052632,0.267605634,0.112676056,-1
110,5,0.045454545,0.846153846,0.038461538,-1
41,8,0.195121951,0.315384615,0.061538462,-1
30,29,0.966666667,0.182926829,0.176829268,1
80,58,0.725,0.563380282,0.408450704,1
13,13,1,0.091549296,0.091549296,-1
52,23,0.442307692,0.366197183,0.161971831,-1
65,41,0.630769231,0.335051546,0.211340206,1
28,0,0,0.152173913,0,-1
42,7,0.166666667,0.323076923,0.053846154,-1
38,38,1,0.292307692,0.292307692,1
74,44,0.594594595,0.45398773,0.26993865,1
11,11,1,0.065088757,0.065088757,-1
98,96,0.979591837,0.441441441,0.432432432,1
176,102,0.579545455,0.792792793,0.459459459,1
229,96,0.419213974,0.923387097,0.387096774,1
18,18,1,0.126760563,0.126760563,1
58,45,0.775862069,0.298969072,0.231958763,1
36,36,1,0.276923077,0.276923077,1
30,1,0.033333333,0.220588235,0.007352941,1
173,160,0.924855491,1.054878049,0.975609756,1
179,155,0.865921788,0.908629442,0.78680203,1
82,81,0.987804878,0.577464789,0.570422535,1
74,70,0.945945946,0.381443299,0.360824742,1
159,106,0.666666667,0.716216216,0.477477477,1
23,1,0.043478261,0.092741935,0.004032258,1
25,7,0.28,0.100806452,0.028225806,1
70,42,0.6,0.492957746,0.295774648,-1
184,180,0.97826087,0.897560976,0.87804878,1
210,199,0.947619048,0.846774194,0.802419355,-1
114,69,0.605263158,0.674556213,0.408284024,-1
60,26,0.433333333,0.422535211,0.183098592,-1
171,70,0.409356725,0.689516129,0.282258065,-1
56,31,0.553571429,0.394366197,0.218309859,-1
70,69,0.985714286,0.360824742,0.355670103,1
158,152,0.962025316,0.770731707,0.741463415,-1
78,75,0.961538462,0.380487805,0.365853659,1
112,82,0.732142857,0.713375796,0.522292994,1
124,42,0.338709677,0.760736196,0.257668712,-1
64,56,0.875,0.281938326,0.246696035,1
97,73,0.75257732,0.683098592,0.514084507,1
168,167,0.994047619,1.024390244,1.018292683,1
77,56,0.727272727,0.396907216,0.288659794,1
141,122,0.865248227,0.635135135,0.54954955,1
190,100,0.526315789,0.766129032,0.403225806,1
99,55,0.555555556,0.630573248,0.350318471,-1
26,26,1,0.153846154,0.153846154,1
121,58,0.479338843,0.590243902,0.282926829,-1
180,109,0.605555556,0.810810811,0.490990991,-1
121,94,0.776859504,0.737804878,0.573170732,-1
76,19,0.25,0.466257669,0.116564417,-1
92,83,0.902173913,0.544378698,0.49112426,1
110,93,0.845454545,0.558375635,0.472081218,1
82,65,0.792682927,0.5,0.396341463,1
147,0,0,0.717073171,0,-1
137,64,0.467153285,0.691919192,0.323232323,-1
81,81,1,0.570422535,0.570422535,1
192,138,0.71875,0.845814978,0.607929515,1