index,masa_all,del_asa_all,sbr_all,rasa_all,del_rasa_all,hotspot,blosum_a,blosum_c,blosum_d,blosum_e,blosum_f,blosum_g,blosum_h,blosum_i,blosum_k,blosum_l,blosum_m,blosum_n,blosum_p,blosum_q,blosum_r,blosum_s,blosum_t,blosum_v,blosum_w,blosum_y,hydrophobicity,hydrophilicity,polarity,polarizability,propensities,aasa,pssm_a,pssm_r,pssm_n,pssm_d,pssm_c,pssm_q,pssm_e,pssm_g,pssm_h,pssm_i,pssm_l,pssm_k,pssm_m,pssm_f,pssm_p,pssm_s,pssm_t,pssm_w,pssm_y,pssm_v,HSEBD,HSEAU,HSEAD,HSEBU,CN,RD,Rda
0,51,30,0.588235294,0.262886598,0.154639175,0,-1,-4,2,5,-3,-2,0,-3,1,-3,-2,0,-1,2,0,0,-1,-2,-3,-2,-0.62,3.0,12.3,0.151,-0.13,68.2,0,0,2,-1,0,1,0,-2,2,-2,-1,-1,-1,0,-1,2,-1,1,-1,0,22.0,21.0,24.0,23.0,45.0,2.9,3.74
1,39,33,0.846153846,0.17180616699999998,0.14537444900000002,0,-3,-2,-4,-3,1,-2,-2,-3,-3,-2,-1,-4,-4,-2,-3,-3,-2,-3,11,2,0.37,-3.4,5.4,0.409,0.83,34.7,-4,1,2,3,-1,1,0,-3,2,0,-2,-1,-1,-2,-4,1,-3,4,1,-1,20.0,23.0,23.0,26.0,46.0,2.94,4.56
2,42,36,0.857142857,0.185022026,0.158590308,1,-3,-2,-4,-3,1,-2,-2,-3,-3,-2,-1,-4,-4,-2,-3,-3,-2,-3,11,2,0.37,-3.4,5.4,0.409,0.83,34.7,0,3,-1,0,0,1,-1,-2,3,-3,-2,-3,-2,-2,-1,3,-2,3,0,-2,23.0,22.0,27.0,26.0,49.0,3.52,4.28
3,58,30,0.517241379,0.298969072,0.154639175,0,-1,-4,2,5,-3,-2,0,-3,1,-3,-2,0,-1,2,0,0,-1,-2,-3,-2,-0.62,3.0,12.3,0.151,-0.13,68.2,-2,-1,0,-2,0,-1,3,-3,4,0,0,1,-2,0,-3,-1,1,1,2,-1,14.0,10.0,29.0,25.0,39.0,3.02,3.59
4,3,3,1.0,0.023076923,0.023076923,0,1,-1,0,0,-2,0,-1,-2,0,-2,-1,1,-1,0,-1,4,1,-2,-3,-2,-0.26,0.3,9.2,0.062,-0.33,42.0,0,1,3,5,-1,-1,-2,-2,2,-1,-4,-2,-2,0,-7,1,-3,-1,1,-2,22.0,25.0,23.0,26.0,48.0,6.18,6.45
5,71,54,0.76056338,0.31277533,0.23788546300000002,0,-3,-2,-4,-3,1,-2,-2,-3,-3,-2,-1,-4,-4,-2,-3,-3,-2,-3,11,2,0.37,-3.4,5.4,0.409,0.83,34.7,-2,0,2,3,-1,-1,0,0,1,-2,-3,1,-2,-1,-2,1,-1,4,0,-3,23.0,24.0,25.0,26.0,49.0,3.78,5.46
6,96,52,0.541666667,0.468292683,0.253658537,0,-1,-3,-1,1,-3,-2,-1,-3,5,-2,-1,0,-1,1,2,0,-1,-2,-3,-2,-1.1,3.0,11.3,0.21899999999999997,-0.36,103.0,0,1,2,0,-3,2,0,-1,0,-4,-2,-1,0,-2,-3,3,-2,1,-1,-1,24.0,23.0,24.0,23.0,47.0,2.61,3.49
7,50,7,0.14,0.257731959,0.036082473999999996,0,-1,-4,2,5,-3,-2,0,-3,1,-3,-2,0,-1,2,0,0,-1,-2,-3,-2,-0.62,3.0,12.3,0.151,-0.13,68.2,-2,0,-1,-3,-3,-2,2,-6,4,-1,-4,1,-4,-1,-8,2,2,0,3,1,13.0,16.0,24.0,27.0,40.0,2.5,2.73
8,54,32,0.592592593,0.278350515,0.164948454,0,-1,-4,2,5,-3,-2,0,-3,1,-3,-2,0,-1,2,0,0,-1,-2,-3,-2,-0.62,3.0,12.3,0.151,-0.13,68.2,-3,0,0,-2,-4,0,3,-4,2,0,-2,0,-2,1,-6,0,2,-1,1,2,14.0,17.0,23.0,26.0,40.0,2.69,2.91
9,121,117,0.9669421490000001,0.545045045,0.527027027,1,-2,-2,-3,-2,3,-3,2,-1,-2,-1,-1,-2,-3,-1,-2,-2,-2,-1,2,7,0.02,-2.3,6.2,0.298,0.66,55.2,0,1,1,0,1,0,-1,-1,0,-4,-2,-2,-1,-1,-2,3,0,3,0,-2,21.0,21.0,24.0,24.0,45.0,3.46,4.35
10,130,98,0.7538461540000001,0.7975460120000001,0.601226994,1,-2,-3,6,2,-3,-1,-1,-3,-1,-4,-3,1,-1,0,-2,0,-1,-3,-4,-3,-0.72,3.0,13.0,0.105,-0.38,60.6,-3,-1,4,1,-4,1,0,2,3,-1,-2,0,-4,-4,-2,1,-1,-6,-1,-5,23.0,21.0,24.0,22.0,45.0,2.06,2.72
11,183,176,0.9617486340000001,0.8243243240000001,0.7927927929999999,1,-2,-2,-3,-2,3,-3,2,-1,-2,-1,-1,-2,-3,-1,-2,-2,-2,-1,2,7,0.02,-2.3,6.2,0.298,0.66,55.2,-2,1,1,2,-5,2,1,0,0,-3,-1,1,-2,0,0,0,-1,-1,2,-3,23.0,24.0,28.0,29.0,52.0,2.48,2.0
12,168,36,0.214285714,0.677419355,0.14516129,0,-1,-3,-2,0,-3,-2,0,-3,2,-2,-1,0,-2,1,5,-1,-1,-3,-3,-2,-1.76,3.0,10.5,0.29100000000000004,0.27,94.7,-2,2,1,0,0,0,1,-3,0,-1,-2,0,-2,-4,-3,1,3,-4,-3,1,10.0,5.0,27.0,22.0,32.0,2.1,2.31
13,41,32,0.780487805,0.24260355,0.18934911199999999,0,-1,-1,-3,-3,0,-4,-3,4,-3,2,1,-3,-3,-3,-3,-2,-1,3,-3,-1,0.73,-1.8,5.2,0.18600000000000003,0.44,22.8,-4,-5,-6,-6,-4,-4,-5,-6,-5,3,5,-5,3,1,-5,-5,-3,-4,-3,2,19.0,19.0,20.0,20.0,39.0,2.33,2.0
14,38,36,0.947368421,0.267605634,0.253521127,1,0,-1,-3,-2,-1,-3,-3,3,-2,1,1,-3,-2,-2,-3,-2,0,4,-3,-1,0.54,-1.5,5.9,0.14,0.27,23.7,-1,1,0,-1,-3,2,-1,-3,-1,1,-2,2,0,-3,-2,0,1,-4,-2,1,13.0,12.0,36.0,35.0,48.0,5.66,5.41
15,161,70,0.434782609,0.8298969070000001,0.36082474200000003,1,-1,-4,2,5,-3,-2,0,-3,1,-3,-2,0,-1,2,0,0,-1,-2,-3,-2,-0.62,3.0,12.3,0.151,-0.13,68.2,0,-2,-1,3,-3,1,1,-2,0,-1,-2,-1,-2,-3,4,-1,-1,-4,-3,-1,12.0,14.0,23.0,25.0,37.0,1.76,2.0
16,116,102,0.879310345,0.597938144,0.525773196,1,-1,-4,2,5,-3,-2,0,-3,1,-3,-2,0,-1,2,0,0,-1,-2,-3,-2,-0.62,3.0,12.3,0.151,-0.13,68.2,-2,1,-1,0,-4,1,5,-1,-1,-4,-4,3,-3,-4,0,-1,-1,-4,-3,-3,31.0,27.0,29.0,25.0,56.0,2.66,3.22
17,69,58,0.84057971,0.43949044600000003,0.369426752,1,-2,-3,1,0,-3,0,1,-3,0,-3,-2,6,-2,0,0,1,0,-3,-4,-2,-0.64,2.0,11.6,0.134,0.12,60.1,1,-1,6,1,-3,0,-1,-1,0,-3,-3,-1,-2,-3,-2,0,0,-4,-2,-3,29.0,28.0,28.0,27.0,56.0,2.17,2.0
18,75,53,0.706666667,0.477707006,0.33757961799999997,0,-2,-3,1,0,-3,0,1,-3,0,-3,-2,6,-2,0,0,1,0,-3,-4,-2,-0.64,2.0,11.6,0.134,0.12,60.1,-1,-2,4,2,-2,-1,-1,1,-1,-2,-2,-1,-2,-2,-2,1,-1,6,-1,0,20.0,17.0,17.0,14.0,34.0,1.82,2.0
19,33,26,0.787878788,0.148648649,0.11711711699999999,1,-2,-2,-3,-2,3,-3,2,-1,-2,-1,-1,-2,-3,-1,-2,-2,-2,-1,2,7,0.02,-2.3,6.2,0.298,0.66,55.2,-1,-2,-1,-2,-2,-2,-2,1,0,1,-1,-2,-1,2,-2,0,-1,0,5,-1,26.0,26.0,29.0,29.0,55.0,3.24,4.83
20,87,67,0.7701149429999999,0.612676056,0.471830986,1,0,-1,-3,-2,-1,-3,-3,3,-2,1,1,-3,-2,-2,-3,-2,0,4,-3,-1,0.54,-1.5,5.9,0.14,0.27,23.7,-1,-2,-2,-3,-2,-1,-2,-3,3,1,1,-2,0,1,-2,-2,-1,0,5,1,27.0,26.0,26.0,25.0,52.0,2.23,2.82
21,45,38,0.8444444440000001,0.219512195,0.185365854,0,-1,-3,-1,1,-3,-2,-1,-3,5,-2,-1,0,-1,1,2,0,-1,-2,-3,-2,-1.1,3.0,11.3,0.21899999999999997,-0.36,103.0,-1,0,1,0,-2,1,2,2,0,-2,-2,1,-1,-2,-1,0,-1,-2,-1,-2,23.0,24.0,18.0,19.0,42.0,3.83,4.41
22,145,45,0.310344828,0.736040609,0.228426396,1,-2,-2,-3,-3,6,-3,-1,0,-3,0,0,-3,-4,-3,-3,-2,-2,-1,1,3,0.61,-2.5,5.2,0.29,0.82,25.5,-1,-1,3,0,-2,-1,-1,-1,0,-1,-1,-1,-1,3,-1,0,-1,0,3,-1,17.0,24.0,18.0,25.0,42.0,1.93,2.37
23,20,12,0.6,0.10101010099999999,0.060606060999999996,1,-1,-3,0,2,-3,-2,0,-3,1,-2,0,0,-1,5,1,0,-1,-2,-2,-1,-0.69,0.2,10.5,0.18,-0.11,68.7,-1,3,0,-1,-3,3,1,-2,-1,-3,-3,2,-1,-3,2,1,1,-3,-2,-2,29.0,27.0,22.0,20.0,49.0,2.31,2.37
24,0,0,0.0,0.0,0.0,1,-2,-2,-3,-2,3,-3,2,-1,-2,-1,-1,-2,-3,-1,-2,-2,-2,-1,2,7,0.02,-2.3,6.2,0.298,0.66,55.2,-3,-3,-3,-4,-3,-3,-3,-4,3,-2,-1,-3,-2,3,-4,-3,-1,6,7,-1,31.0,29.0,25.0,23.0,54.0,5.21,5.44
25,161,0,0.0,0.785365854,0.0,1,-1,-3,-1,1,-3,-2,-1,-3,5,-2,-1,0,-1,1,2,0,-1,-2,-3,-2,-1.1,3.0,11.3,0.21899999999999997,-0.36,103.0,-1,0,-1,2,-1,2,1,-3,2,-3,-2,0,-1,0,-4,1,2,1,2,-1,7.0,0.0,32.0,25.0,32.0,2.15,2.0
26,75,5,0.066666667,0.46012269899999997,0.030674847,1,-2,-3,6,2,-3,-1,-1,-3,-1,-4,-3,1,-1,0,-2,0,-1,-3,-4,-3,-0.72,3.0,13.0,0.105,-0.38,60.6,-1,1,0,1,-3,0,1,-2,3,-1,-1,1,-2,-1,1,1,-1,-3,2,-1,23.0,27.0,9.0,13.0,36.0,2.27,2.0
27,35,27,0.771428571,0.214723926,0.165644172,1,-2,-3,6,2,-3,-1,-1,-3,-1,-4,-3,1,-1,0,-2,0,-1,-3,-4,-3,-0.72,3.0,13.0,0.105,-0.38,60.6,-3,-2,3,1,-4,-2,-2,-1,1,-2,-3,-2,-2,0,-4,1,1,-2,6,-3,24.0,22.0,26.0,24.0,48.0,2.76,2.86
28,78,78,1.0,0.35135135100000003,0.35135135100000003,1,-2,-2,-3,-2,3,-3,2,-1,-2,-1,-1,-2,-3,-1,-2,-2,-2,-1,2,7,0.02,-2.3,6.2,0.298,0.66,55.2,0,0,-1,0,-1,-3,-3,0,0,-3,-3,-2,0,1,-1,0,0,5,6,-2,25.0,22.0,31.0,28.0,53.0,6.46,6.0
29,153,112,0.7320261440000001,0.689189189,0.504504505,1,-2,-2,-3,-2,3,-3,2,-1,-2,-1,-1,-2,-3,-1,-2,-2,-2,-1,2,7,0.02,-2.3,6.2,0.298,0.66,55.2,-1,-1,2,0,-2,-1,-1,0,0,-2,-2,-1,-2,-1,2,2,0,1,2,-1,20.0,17.0,23.0,20.0,40.0,2.62,3.18
30,116,94,0.810344828,0.511013216,0.41409691600000004,1,-3,-2,-4,-3,1,-2,-2,-3,-3,-2,-1,-4,-4,-2,-3,-3,-2,-3,11,2,0.37,-3.4,5.4,0.409,0.83,34.7,-3,-3,-3,-2,-4,-2,-2,2,-2,-2,-2,-3,-2,2,-4,1,-1,6,6,0,25.0,24.0,24.0,23.0,48.0,6.7,6.77
31,70,54,0.771428571,0.44585987299999996,0.343949045,1,-2,-3,1,0,-3,0,1,-3,0,-3,-2,6,-2,0,0,1,0,-3,-4,-2,-0.64,2.0,11.6,0.134,0.12,60.1,-3,-3,3,0,-5,-1,-2,0,1,-3,-2,-2,-2,-1,2,2,1,-4,4,-4,20.0,21.0,26.0,27.0,47.0,2.93,2.58
32,35,35,1.0,0.22292993600000002,0.22292993600000002,1,-2,-3,1,0,-3,0,1,-3,0,-3,-2,6,-2,0,0,1,0,-3,-4,-2,-0.64,2.0,11.6,0.134,0.12,60.1,-1,-1,3,-1,-2,-1,-3,-1,1,-3,-4,-3,-4,1,-2,1,0,5,6,-3,26.0,24.0,31.0,29.0,55.0,5.88,5.85
33,125,121,0.968,0.563063063,0.545045045,1,-2,-2,-3,-2,3,-3,2,-1,-2,-1,-1,-2,-3,-1,-2,-2,-2,-1,2,7,0.02,-2.3,6.2,0.298,0.66,55.2,-2,-1,-2,1,-2,0,-2,-3,-1,0,1,-1,2,2,-2,-2,-1,3,3,1,25.0,23.0,19.0,17.0,42.0,6.71,6.43
34,110,3,0.027272727000000004,0.5365853660000001,0.014634146,0,-1,-3,-1,1,-3,-2,-1,-3,5,-2,-1,0,-1,1,2,0,-1,-2,-3,-2,-1.1,3.0,11.3,0.21899999999999997,-0.36,103.0,-1,1,-1,-1,-3,0,0,-2,-1,2,-1,4,0,-2,-2,-1,-1,-3,-2,0,15.0,11.0,27.0,23.0,38.0,2.78,2.74
35,109,74,0.678899083,0.767605634,0.521126761,0,0,-1,-1,-1,-2,-2,-2,-1,-1,-1,-1,0,-1,-1,-1,1,5,0,-2,-2,-0.18,-0.4,8.6,0.10800000000000001,-0.18,45.0,0,-1,0,-1,-1,-1,-1,-2,-2,-1,-1,-1,-1,-2,-1,1,5,-3,-2,0,18.0,21.0,30.0,33.0,51.0,2.95,3.38
36,155,154,0.993548387,0.9872611459999999,0.98089172,0,-2,-3,1,0,-3,0,1,-3,0,-3,-2,6,-2,0,0,1,0,-3,-4,-2,-0.64,2.0,11.6,0.134,0.12,60.1,-2,-1,5,4,-3,0,0,-1,0,-3,-4,0,-3,-3,-2,0,0,-4,-3,-3,26.0,28.0,27.0,29.0,55.0,5.71,6.08
37,123,107,0.8699186990000001,0.6,0.52195122,1,-1,-3,-1,1,-3,-2,-1,-3,5,-2,-1,0,-1,1,2,0,-1,-2,-3,-2,-1.1,3.0,11.3,0.21899999999999997,-0.36,103.0,-1,2,0,-1,-3,1,1,-2,-1,-3,-3,5,-2,-3,-1,0,-1,-3,-2,-2,23.0,24.0,30.0,31.0,54.0,5.08,5.11
38,28,24,0.857142857,0.165680473,0.142011834,0,-1,-1,-3,-3,0,-4,-3,4,-3,2,1,-3,-3,-3,-3,-2,-1,3,-3,-1,0.73,-1.8,5.2,0.18600000000000003,0.44,22.8,-1,-3,-4,-3,-1,-3,-3,-4,-4,5,2,-3,1,0,-3,-3,-1,-3,-1,3,16.0,16.0,34.0,34.0,50.0,5.19,5.84
39,74,16,0.21621621600000002,0.38144329899999996,0.082474227,0,-1,-4,2,5,-3,-2,0,-3,1,-3,-2,0,-1,2,0,0,-1,-2,-3,-2,-0.62,3.0,12.3,0.151,-0.13,68.2,-1,0,0,2,-4,2,5,-2,0,-3,-3,1,-2,-3,-1,0,-1,-3,-2,-3,7.0,13.0,28.0,34.0,41.0,2.41,2.71
40,32,29,0.90625,0.16161616199999998,0.146464646,0,-1,-3,0,2,-3,-2,0,-3,1,-2,0,0,-1,5,1,0,-1,-2,-2,-1,-0.69,0.2,10.5,0.18,-0.11,68.7,-1,1,0,0,-3,6,2,-2,0,-3,-2,1,-1,-3,-1,0,-1,-2,-2,-2,24.0,22.0,29.0,27.0,51.0,6.65,7.01
41,157,54,0.343949045,0.765853659,0.263414634,0,-1,-3,-1,1,-3,-2,-1,-3,5,-2,-1,0,-1,1,2,0,-1,-2,-3,-2,-1.1,3.0,11.3,0.21899999999999997,-0.36,103.0,1,5,-1,-2,-3,1,0,-2,-1,-3,-2,3,-1,-3,-2,0,-1,-3,-2,-2,7.0,11.0,20.0,24.0,31.0,1.99,2.47
42,113,34,0.30088495600000004,0.8692307690000001,0.26153846199999997,0,1,-1,0,0,-2,0,-1,-2,0,-2,-1,1,-1,0,-1,4,1,-2,-3,-2,-0.26,0.3,9.2,0.062,-0.33,42.0,0,-2,-1,-2,-1,-1,-1,-2,-2,0,2,-1,1,-1,-2,2,0,-2,-1,0,4.0,8.0,17.0,21.0,25.0,1.85,2.31
43,29,11,0.379310345,0.345238095,0.130952381,0,0,-3,-1,-2,-3,6,-2,-4,-2,-4,-3,0,-2,-2,-2,0,-2,-3,-2,-3,0.16,0.0,9.0,0.0,-0.07,24.5,-1,3,0,0,-3,1,3,3,-1,-4,-3,1,-2,-3,-2,0,-1,-3,-2,-3,16.0,11.0,18.0,13.0,29.0,2.4,2.0
44,152,60,0.39473684200000003,0.932515337,0.36809816,0,-2,-3,6,2,-3,-1,-1,-3,-1,-4,-3,1,-1,0,-2,0,-1,-3,-4,-3,-0.72,3.0,13.0,0.105,-0.38,60.6,-2,-1,5,4,-3,0,0,-1,0,-3,-4,0,-3,-3,-2,0,0,-4,-3,-3,17.0,19.0,16.0,18.0,35.0,1.77,2.36
45,97,67,0.6907216490000001,0.427312775,0.295154185,0,-3,-2,-4,-3,1,-2,-2,-3,-3,-2,-1,-4,-4,-2,-3,-3,-2,-3,11,2,0.37,-3.4,5.4,0.409,0.83,34.7,-3,-3,-4,-5,-3,-2,-3,-3,-3,-3,-2,-3,-2,1,-4,-3,-3,11,2,-3,24.0,21.0,20.0,17.0,41.0,4.28,2.66
46,87,45,0.517241379,0.42439024399999997,0.219512195,0,-1,-3,-1,1,-3,-2,-1,-3,5,-2,-1,0,-1,1,2,0,-1,-2,-3,-2,-1.1,3.0,11.3,0.21899999999999997,-0.36,103.0,-1,2,0,-1,-3,1,1,-2,-1,-3,-3,5,-2,-3,-1,0,-1,-3,-2,-2,16.0,15.0,26.0,25.0,41.0,2.45,2.0
47,45,29,0.644444444,0.346153846,0.223076923,0,1,-1,0,0,-2,0,-1,-2,0,-2,-1,1,-1,0,-1,4,1,-2,-3,-2,-0.26,0.3,9.2,0.062,-0.33,42.0,0,-1,3,0,-2,0,0,-1,0,-3,-3,0,-2,-1,-2,3,1,-1,2,-2,22.0,24.0,18.0,20.0,42.0,4.27,4.85
48,36,25,0.694444444,0.175609756,0.12195122,0,-1,-3,-1,1,-3,-2,-1,-3,5,-2,-1,0,-1,1,2,0,-1,-2,-3,-2,-1.1,3.0,11.3,0.21899999999999997,-0.36,103.0,-1,2,-1,-1,-3,1,0,-2,-1,0,-1,4,-1,-2,-1,-1,-1,-3,-2,-1,24.0,20.0,26.0,22.0,46.0,3.02,2.93
49,160,46,0.2875,0.720720721,0.207207207,0,-2,-2,-3,-2,3,-3,2,-1,-2,-1,-1,-2,-3,-1,-2,-2,-2,-1,2,7,0.02,-2.3,6.2,0.298,0.66,55.2,0,-2,-1,-2,-2,-1,-1,1,0,-1,0,-1,-1,1,-2,2,0,0,4,-1,7.0,12.0,18.0,23.0,30.0,1.96,2.69
50,53,45,0.849056604,0.325153374,0.27607362,1,-2,-3,6,2,-3,-1,-1,-3,-1,-4,-3,1,-1,0,-2,0,-1,-3,-4,-3,-0.72,3.0,13.0,0.105,-0.38,60.6,-2,-2,1,6,-4,0,2,-1,-1,-3,-4,-1,-3,-4,-2,0,-1,-5,-3,-3,19.0,22.0,27.0,30.0,49.0,5.66,5.28
51,18,16,0.8888888890000001,0.12676056300000002,0.112676056,1,0,-1,-1,-1,-2,-2,-2,-1,-1,-1,-1,0,-1,-1,-1,1,5,0,-2,-2,-0.18,-0.4,8.6,0.10800000000000001,-0.18,45.0,0,-1,0,-1,-1,-1,-1,-2,-2,-1,-1,-1,-1,-2,-1,1,5,-3,-2,0,28.0,28.0,23.0,23.0,51.0,5.06,5.22
52,107,82,0.76635514,0.656441718,0.503067485,0,-2,-3,6,2,-3,-1,-1,-3,-1,-4,-3,1,-1,0,-2,0,-1,-3,-4,-3,-0.72,3.0,13.0,0.105,-0.38,60.6,-1,-2,1,6,-3,0,1,-1,-1,-3,-4,-1,-3,-4,-1,1,0,-4,-3,-3,21.0,20.0,26.0,25.0,46.0,1.99,2.0
53,17,3,0.176470588,0.087628866,0.015463918,0,-1,-4,2,5,-3,-2,0,-3,1,-3,-2,0,-1,2,0,0,-1,-2,-3,-2,-0.62,3.0,12.3,0.151,-0.13,68.2,-1,0,0,2,-4,2,5,-2,0,-3,-3,1,-2,-3,-1,0,-1,-3,-2,-3,26.0,16.0,29.0,19.0,45.0,3.03,2.99
54,80,53,0.6625,0.487804878,0.323170732,0,-1,-1,-4,-3,0,-4,-3,2,-2,4,2,-3,-3,-2,-2,-2,-1,1,-2,-1,0.53,-1.8,4.9,0.18600000000000003,0.4,27.6,-1,-1,-2,-1,-2,0,2,-3,-2,1,3,-1,3,0,-2,-1,-1,-2,-1,0,10.0,8.0,28.0,26.0,36.0,3.36,3.94
55,63,63,1.0,0.31979695399999997,0.31979695399999997,0,-2,-2,-3,-3,6,-3,-1,0,-3,0,0,-3,-4,-3,-3,-2,-2,-1,1,3,0.61,-2.5,5.2,0.29,0.82,25.5,-2,-3,-4,-4,-2,-3,-3,-4,-3,2,3,-3,2,2,-3,-3,-1,-1,0,1,20.0,14.0,35.0,29.0,49.0,5.54,6.42
56,94,30,0.319148936,0.42342342299999997,0.135135135,0,-2,-2,-3,-2,3,-3,2,-1,-2,-1,-1,-2,-3,-1,-2,-2,-2,-1,2,7,0.02,-2.3,6.2,0.298,0.66,55.2,-1,-2,-3,-3,-2,-2,-2,-3,1,1,0,-2,0,2,-3,-2,-1,1,6,2,11.0,11.0,18.0,18.0,29.0,2.57,2.86
57,34,31,0.9117647059999999,0.137096774,0.125,1,-1,-3,-2,0,-3,-2,0,-3,2,-2,-1,0,-2,1,5,-1,-1,-3,-3,-2,-1.76,3.0,10.5,0.29100000000000004,0.27,94.7,-2,0,-2,-2,-3,0,-2,-1,-2,0,3,0,0,1,-1,-2,-1,2,3,-1,27.0,30.0,24.0,27.0,54.0,7.27,5.84
58,43,1,0.023255814,0.173387097,0.0040322579999999995,0,-1,-3,-2,0,-3,-2,0,-3,2,-2,-1,0,-2,1,5,-1,-1,-3,-3,-2,-1.76,3.0,10.5,0.29100000000000004,0.27,94.7,-1,0,-4,-4,-3,-3,-2,-5,-4,0,4,-1,1,2,-4,-1,0,-3,-1,0,16.0,18.0,23.0,25.0,41.0,2.95,4.27
59,193,29,0.150259067,0.974747475,0.146464646,0,-1,-3,0,2,-3,-2,0,-3,1,-2,0,0,-1,5,1,0,-1,-2,-2,-1,-0.69,0.2,10.5,0.18,-0.11,68.7,-2,1,0,-1,-3,1,0,-1,3,-2,1,2,-1,1,-1,-1,-1,-2,3,-2,1.0,12.0,13.0,24.0,25.0,1.79,2.0
60,128,25,0.1953125,0.659793814,0.128865979,0,-1,-4,2,5,-3,-2,0,-3,1,-3,-2,0,-1,2,0,0,-1,-2,-3,-2,-0.62,3.0,12.3,0.151,-0.13,68.2,-1,3,-2,1,-4,2,4,0,-2,-4,-4,1,-3,-4,0,1,0,-4,-3,-2,5.0,8.0,17.0,20.0,25.0,1.91,2.47
61,99,4,0.04040404,0.43612334799999997,0.017621145,0,-3,-2,-4,-3,1,-2,-2,-3,-3,-2,-1,-4,-4,-2,-3,-3,-2,-3,11,2,0.37,-3.4,5.4,0.409,0.83,34.7,-1,-1,-2,-1,-3,1,-1,-1,0,0,-1,0,-1,0,-3,0,1,7,1,0,13.0,15.0,10.0,12.0,25.0,1.98,2.33
62,72,26,0.36111111100000004,0.553846154,0.2,0,1,-1,0,0,-2,0,-1,-2,0,-2,-1,1,-1,0,-1,4,1,-2,-3,-2,-0.26,0.3,9.2,0.062,-0.33,42.0,-1,1,-1,0,-2,-1,1,-1,-1,-1,-1,1,0,-2,0,1,1,-2,1,0,7.0,15.0,10.0,18.0,25.0,1.89,2.48
63,15,12,0.8,0.10563380300000001,0.08450704199999999,0,0,-1,-1,-1,-2,-2,-2,-1,-1,-1,-1,0,-1,-1,-1,1,5,0,-2,-2,-0.18,-0.4,8.6,0.10800000000000001,-0.18,45.0,-1,-2,-1,1,0,-1,1,-2,-2,1,0,0,-1,1,0,0,3,-3,-2,0,24.0,27.0,19.0,22.0,46.0,4.63,4.1
64,36,31,0.8611111109999999,0.276923077,0.238461538,0,1,-1,0,0,-2,0,-1,-2,0,-2,-1,1,-1,0,-1,4,1,-2,-3,-2,-0.26,0.3,9.2,0.062,-0.33,42.0,-1,-1,1,0,1,1,-2,-1,-2,-2,0,-1,0,0,-1,4,0,-3,-2,-1,15.0,16.0,26.0,27.0,42.0,3.83,3.87
65,21,19,0.904761905,0.124260355,0.112426036,0,-1,-1,-3,-3,0,-4,-3,4,-3,2,1,-3,-3,-3,-3,-2,-1,3,-3,-1,0.73,-1.8,5.2,0.18600000000000003,0.44,22.8,-1,-3,-2,-2,-2,-2,-3,-3,0,3,2,-2,0,2,-1,1,-1,-3,-1,2,29.0,31.0,18.0,20.0,49.0,4.19,3.78
66,161,154,0.956521739,0.709251101,0.678414097,1,-3,-2,-4,-3,1,-2,-2,-3,-3,-2,-1,-4,-4,-2,-3,-3,-2,-3,11,2,0.37,-3.4,5.4,0.409,0.83,34.7,-3,-3,-3,0,-4,-1,1,-2,-2,-3,-2,-2,-1,4,-2,-2,0,8,4,-3,22.0,22.0,25.0,25.0,47.0,3.11,2.7
67,34,13,0.382352941,0.201183432,0.076923077,0,-1,-1,-3,-3,0,-4,-3,4,-3,2,1,-3,-3,-3,-3,-2,-1,3,-3,-1,0.73,-1.8,5.2,0.18600000000000003,0.44,22.8,-1,0,-2,0,-3,2,0,-2,-2,2,-1,0,-1,-1,-1,0,2,-3,-1,2,22.0,21.0,26.0,25.0,47.0,2.99,2.69
68,34,34,1.0,0.25,0.25,1,-1,-3,-1,-1,-4,-2,-2,-3,-1,-3,-2,-2,7,-1,-2,-1,-1,-2,-4,-3,-0.07,0.0,8.0,0.131,-0.25,51.5,-1,-1,0,-2,-3,0,-1,-2,1,1,-2,-1,-1,-1,4,-1,1,1,-2,1,24.0,21.0,24.0,21.0,45.0,5.24,5.88
69,103,49,0.475728155,0.530927835,0.25257732,0,-1,-4,2,5,-3,-2,0,-3,1,-3,-2,0,-1,2,0,0,-1,-2,-3,-2,-0.62,3.0,12.3,0.151,-0.13,68.2,0,-1,-1,-2,2,2,0,0,1,-4,-2,-2,-1,-2,4,2,0,-5,-4,-4,14.0,19.0,19.0,24.0,38.0,1.86,2.31
70,71,19,0.267605634,0.34634146299999996,0.092682927,0,-1,-3,-1,1,-3,-2,-1,-3,5,-2,-1,0,-1,1,2,0,-1,-2,-3,-2,-1.1,3.0,11.3,0.21899999999999997,-0.36,103.0,-2,0,-1,-1,-3,2,1,-2,0,1,1,1,-1,-2,2,0,-1,-4,-1,0,23.0,18.0,24.0,19.0,42.0,2.6,2.55
71,12,12,1.0,0.092307692,0.092307692,0,1,-1,0,0,-2,0,-1,-2,0,-2,-1,1,-1,0,-1,4,1,-2,-3,-2,-0.26,0.3,9.2,0.062,-0.33,42.0,1,-1,2,2,-3,1,-1,-3,3,-3,-2,-1,-3,0,-1,2,2,-4,-1,-2,21.0,21.0,28.0,28.0,49.0,4.83,5.21
72,30,23,0.7666666670000001,0.18404908,0.141104294,0,-2,-3,6,2,-3,-1,-1,-3,-1,-4,-3,1,-1,0,-2,0,-1,-3,-4,-3,-0.72,3.0,13.0,0.105,-0.38,60.6,-1,0,2,1,-2,2,0,-3,-1,-2,0,-1,0,0,-3,-2,3,-4,-2,0,26.0,29.0,21.0,24.0,50.0,5.84,6.42
73,111,75,0.6756756759999999,0.572164948,0.386597938,0,-1,-4,2,5,-3,-2,0,-3,1,-3,-2,0,-1,2,0,0,-1,-2,-3,-2,-0.62,3.0,12.3,0.151,-0.13,68.2,-1,0,1,3,-4,-1,2,-2,1,-1,-3,0,-3,-3,1,0,0,1,2,-1,17.0,13.0,32.0,28.0,45.0,2.08,2.62
74,57,28,0.49122807,0.33727810700000005,0.165680473,1,-1,-1,-3,-3,0,-4,-3,4,-3,2,1,-3,-3,-3,-3,-2,-1,3,-3,-1,0.73,-1.8,5.2,0.18600000000000003,0.44,22.8,-1,-1,-1,-1,-2,0,-1,-1,0,1,0,-1,2,2,0,0,0,1,-1,1,21.0,24.0,18.0,21.0,42.0,2.5,2.81
75,140,36,0.257142857,0.7070707070000001,0.181818182,0,-1,-3,0,2,-3,-2,0,-3,1,-2,0,0,-1,5,1,0,-1,-2,-2,-1,-0.69,0.2,10.5,0.18,-0.11,68.7,0,2,0,1,-3,1,0,-2,1,-3,-3,2,-2,-3,3,0,0,-3,-1,-3,7.0,10.0,22.0,25.0,32.0,1.79,2.0
76,159,65,0.40880503100000004,0.7756097559999999,0.31707317100000004,0,-1,-3,-1,1,-3,-2,-1,-3,5,-2,-1,0,-1,1,2,0,-1,-2,-3,-2,-1.1,3.0,11.3,0.21899999999999997,-0.36,103.0,0,0,1,1,-1,0,0,2,1,-2,-2,1,-1,-3,0,2,0,-3,-1,-2,11.0,9.0,26.0,24.0,35.0,2.07,2.11
77,90,89,0.988888889,0.39647577100000003,0.392070485,1,-3,-2,-4,-3,1,-2,-2,-3,-3,-2,-1,-4,-4,-2,-3,-3,-2,-3,11,2,0.37,-3.4,5.4,0.409,0.83,34.7,-1,-1,0,-1,2,0,-1,1,1,-1,0,-1,-1,0,-1,0,-1,6,2,-1,23.0,23.0,25.0,25.0,48.0,5.88,5.82
78,70,40,0.571428571,0.49295774600000003,0.281690141,0,0,-1,-3,-2,-1,-3,-3,3,-2,1,1,-3,-2,-2,-3,-2,0,4,-3,-1,0.54,-1.5,5.9,0.14,0.27,23.7,-1,-1,-1,-1,1,-1,-1,-2,-1,2,1,0,0,-2,0,0,2,-3,-2,1,20.0,22.0,27.0,29.0,49.0,3.37,3.74
79,105,44,0.419047619,0.42338709700000005,0.177419355,0,-1,-3,-2,0,-3,-2,0,-3,2,-2,-1,0,-2,1,5,-1,-1,-3,-3,-2,-1.76,3.0,10.5,0.29100000000000004,0.27,94.7,0,1,2,1,-3,1,1,-2,0,-2,0,0,0,-2,-1,0,0,-3,0,-2,26.0,19.0,31.0,24.0,50.0,2.39,2.2
80,41,31,0.7560975609999999,0.315384615,0.238461538,0,1,-1,0,0,-2,0,-1,-2,0,-2,-1,1,-1,0,-1,4,1,-2,-3,-2,-0.26,0.3,9.2,0.062,-0.33,42.0,0,-1,0,0,-3,1,-1,0,4,-1,-3,1,-3,1,0,2,-1,-3,1,-2,30.0,28.0,21.0,19.0,49.0,2.69,2.34
81,2,0,0.0,0.009009009,0.0,1,-2,-2,-3,-2,3,-3,2,-1,-2,-1,-1,-2,-3,-1,-2,-2,-2,-1,2,7,0.02,-2.3,6.2,0.298,0.66,55.2,-2,-2,-2,-3,-3,-2,-3,2,1,-2,-2,-2,-2,2,-3,-2,-2,1,7,-2,29.0,26.0,24.0,21.0,50.0,7.32,6.53
82,34,13,0.382352941,0.20731707300000002,0.079268293,1,-1,-1,-4,-3,0,-4,-3,2,-2,4,2,-3,-3,-2,-2,-2,-1,1,-2,-1,0.53,-1.8,4.9,0.18600000000000003,0.4,27.6,-2,-2,-2,1,-2,-2,-2,-3,-1,0,3,-2,0,0,3,-2,-1,-1,2,0,16.0,18.0,17.0,19.0,35.0,2.84,2.97
83,125,105,0.84,0.634517766,0.532994924,1,-2,-2,-3,-3,6,-3,-1,0,-3,0,0,-3,-4,-3,-3,-2,-2,-1,1,3,0.61,-2.5,5.2,0.29,0.82,25.5,-2,-2,-2,1,-3,-1,1,-3,-1,-2,-1,-2,-1,5,3,-2,-2,0,3,-2,25.0,21.0,13.0,9.0,34.0,3.45,2.0
84,107,95,0.887850467,0.656441718,0.582822086,1,-2,-3,6,2,-3,-1,-1,-3,-1,-4,-3,1,-1,0,-2,0,-1,-3,-4,-3,-0.72,3.0,13.0,0.105,-0.38,60.6,-1,1,2,4,-3,2,2,-2,3,-3,-3,0,-2,-3,-2,0,-1,-3,-1,-3,17.0,16.0,23.0,22.0,39.0,3.96,3.16
85,50,50,1.0,0.352112676,0.352112676,1,0,-1,-3,-2,-1,-3,-3,3,-2,1,1,-3,-2,-2,-3,-2,0,4,-3,-1,0.54,-1.5,5.9,0.14,0.27,23.7,1,-2,-3,-3,-1,-2,-2,-2,-3,2,2,-2,3,-1,-2,-1,-1,-3,-1,3,25.0,27.0,26.0,28.0,53.0,7.49,8.42
86,29,23,0.793103448,0.17791411,0.141104294,1,-2,-3,6,2,-3,-1,-1,-3,-1,-4,-3,1,-1,0,-2,0,-1,-3,-4,-3,-0.72,3.0,13.0,0.105,-0.38,60.6,-1,-2,1,5,-4,0,2,2,-1,-4,-4,-1,-3,-4,-2,-1,-1,-4,-3,-3,24.0,25.0,19.0,20.0,44.0,5.12,4.69
87,16,0,0.0,0.072072072,0.0,1,-2,-2,-3,-2,3,-3,2,-1,-2,-1,-1,-2,-3,-1,-2,-2,-2,-1,2,7,0.02,-2.3,6.2,0.298,0.66,55.2,-2,-2,-3,-4,-3,-2,-3,-4,1,-1,-1,-3,-1,5,-4,-2,-2,2,7,-2,33.0,33.0,15.0,15.0,48.0,4.88,4.13
88,133,122,0.917293233,0.599099099,0.54954955,1,-2,-2,-3,-2,3,-3,2,-1,-2,-1,-1,-2,-3,-1,-2,-2,-2,-1,2,7,0.02,-2.3,6.2,0.298,0.66,55.2,-1,-2,-2,-3,-2,-1,-2,-3,2,1,1,-2,4,2,-3,-2,-1,0,4,1,29.0,23.0,24.0,18.0,47.0,5.05,3.91
89,61,49,0.8032786890000001,0.274774775,0.220720721,1,-2,-2,-3,-2,3,-3,2,-1,-2,-1,-1,-2,-3,-1,-2,-2,-2,-1,2,7,0.02,-2.3,6.2,0.298,0.66,55.2,-2,-2,-3,-4,-3,-2,-3,-4,1,-1,0,-3,-1,4,-4,-2,-2,1,7,-1,32.0,27.0,12.0,7.0,39.0,4.0,2.79
90,46,3,0.065217391,0.35384615399999997,0.023076923,0,1,-1,0,0,-2,0,-1,-2,0,-2,-1,1,-1,0,-1,4,1,-2,-3,-2,-0.26,0.3,9.2,0.062,-0.33,42.0,0,-2,2,0,-1,0,1,-2,-1,-1,-2,0,-2,-4,5,0,-2,-4,0,1,22.0,26.0,15.0,19.0,41.0,2.25,2.67
91,68,27,0.397058824,0.343434343,0.13636363599999998,0,-1,-3,0,2,-3,-2,0,-3,1,-2,0,0,-1,5,1,0,-1,-2,-2,-1,-0.69,0.2,10.5,0.18,-0.11,68.7,-1,1,1,0,-3,1,1,-3,3,-2,-2,-1,-2,-1,0,2,2,-4,-1,-1,14.0,17.0,30.0,33.0,47.0,2.37,2.6
92,66,39,0.590909091,0.35869565200000003,0.21195652199999998,0,-2,-3,-1,0,-1,-2,8,-3,-1,-3,-2,1,-2,0,0,-1,-2,-3,-2,2,-0.4,-0.5,10.4,0.23,0.41,50.7,0,2,0,-2,-3,2,1,-3,1,0,-1,0,-2,1,-3,1,2,0,2,-2,24.0,25.0,31.0,32.0,56.0,4.33,6.15
93,27,27,1.0,0.131707317,0.131707317,0,-1,-3,-1,1,-3,-2,-1,-3,5,-2,-1,0,-1,1,2,0,-1,-2,-3,-2,-1.1,3.0,11.3,0.21899999999999997,-0.36,103.0,-2,2,-1,-1,-3,0,0,-2,0,-2,1,3,2,0,-3,0,0,-2,2,-2,21.0,22.0,29.0,30.0,51.0,4.32,5.27
94,114,17,0.149122807,0.72611465,0.108280255,0,-2,-3,1,0,-3,0,1,-3,0,-3,-2,6,-2,0,0,1,0,-3,-4,-2,-0.64,2.0,11.6,0.134,0.12,60.1,0,-2,3,4,-3,0,1,1,-2,-3,-3,-1,-3,-2,-2,1,-1,-3,-1,-2,12.0,6.0,19.0,13.0,25.0,1.84,2.0
95,107,32,0.299065421,0.54040404,0.16161616199999998,0,-1,-3,0,2,-3,-2,0,-3,1,-2,0,0,-1,5,1,0,-1,-2,-2,-1,-0.69,0.2,10.5,0.18,-0.11,68.7,0,1,0,1,-3,4,1,0,-1,-2,0,-1,0,-2,-1,0,0,0,-2,-2,12.0,16.0,19.0,23.0,35.0,2.46,2.61
96,114,88,0.771929825,0.556097561,0.42926829299999997,0,-1,-3,-1,1,-3,-2,-1,-3,5,-2,-1,0,-1,1,2,0,-1,-2,-3,-2,-1.1,3.0,11.3,0.21899999999999997,-0.36,103.0,-1,-1,-1,-1,-2,1,0,-2,1,0,1,1,-1,-2,2,0,1,-3,-2,1,27.0,28.0,21.0,22.0,49.0,6.04,5.98
97,120,101,0.841666667,0.606060606,0.51010101,0,-1,-3,0,2,-3,-2,0,-3,1,-2,0,0,-1,5,1,0,-1,-2,-2,-1,-0.69,0.2,10.5,0.18,-0.11,68.7,-1,0,1,1,-1,2,1,0,1,-1,-1,0,-1,0,1,0,0,-2,0,-1,32.0,28.0,25.0,21.0,53.0,4.97,5.33
98,90,80,0.8888888890000001,0.692307692,0.615384615,0,1,-1,0,0,-2,0,-1,-2,0,-2,-1,1,-1,0,-1,4,1,-2,-3,-2,-0.26,0.3,9.2,0.062,-0.33,42.0,-1,1,0,0,-2,0,0,0,-1,-2,-1,1,-1,0,-1,1,0,0,2,-1,16.0,22.0,23.0,29.0,45.0,4.34,5.11
99,33,30,0.9090909090000001,0.201219512,0.18292682899999999,0,-1,-1,-4,-3,0,-4,-3,2,-2,4,2,-3,-3,-2,-2,-2,-1,1,-2,-1,0.53,-1.8,4.9,0.18600000000000003,0.4,27.6,-1,-1,-2,-1,-2,-2,-1,-2,-2,1,2,-1,2,0,0,-1,-1,5,2,0,24.0,22.0,30.0,28.0,52.0,3.17,3.47
100,57,24,0.42105263200000004,0.401408451,0.169014085,0,0,-1,-1,-1,-2,-2,-2,-1,-1,-1,-1,0,-1,-1,-1,1,5,0,-2,-2,-0.18,-0.4,8.6,0.10800000000000001,-0.18,45.0,-1,-1,0,0,-1,0,-1,-2,2,1,0,-1,-1,0,0,1,1,-2,1,0,33.0,33.0,26.0,26.0,59.0,5.72,4.96
101,68,28,0.41176470600000004,0.433121019,0.17834394899999997,0,-2,-3,1,0,-3,0,1,-3,0,-3,-2,6,-2,0,0,1,0,-3,-4,-2,-0.64,2.0,11.6,0.134,0.12,60.1,0,1,2,1,-3,0,1,-1,2,-2,-2,1,-2,0,-1,1,0,-2,0,-2,12.0,19.0,15.0,22.0,34.0,1.92,2.58
102,120,62,0.5166666670000001,0.48387096799999996,0.25,0,-1,-3,-2,0,-3,-2,0,-3,2,-2,-1,0,-2,1,5,-1,-1,-3,-3,-2,-1.76,3.0,10.5,0.29100000000000004,0.27,94.7,-1,1,0,1,1,0,1,-1,1,0,-1,1,-1,0,-1,1,0,-2,0,-1,20.0,26.0,21.0,27.0,47.0,2.23,2.71
103,92,53,0.576086957,0.7076923079999999,0.40769230799999995,0,1,-1,0,0,-2,0,-1,-2,0,-2,-1,1,-1,0,-1,4,1,-2,-3,-2,-0.26,0.3,9.2,0.062,-0.33,42.0,0,0,3,0,-2,-1,1,-1,-1,-2,-3,0,-1,-2,2,2,0,-3,0,-2,11.0,14.0,22.0,25.0,36.0,2.42,2.0
104,100,46,0.46,0.613496933,0.282208589,0,-2,-3,6,2,-3,-1,-1,-3,-1,-4,-3,1,-1,0,-2,0,-1,-3,-4,-3,-0.72,3.0,13.0,0.105,-0.38,60.6,-1,0,0,3,-2,0,1,0,3,-2,-2,0,-2,0,-2,0,1,-2,-2,-2,13.0,11.0,24.0,22.0,35.0,1.97,2.0
105,126,34,0.26984127,0.636363636,0.171717172,0,-1,-3,0,2,-3,-2,0,-3,1,-2,0,0,-1,5,1,0,-1,-2,-2,-1,-0.69,0.2,10.5,0.18,-0.11,68.7,0,1,1,0,-2,3,0,-1,1,-2,-2,1,-2,-2,1,1,-1,-2,2,-1,14.0,5.0,23.0,14.0,28.0,2.19,2.0
106,16,4,0.25,0.082474227,0.020618557,0,-1,-4,2,5,-3,-2,0,-3,1,-3,-2,0,-1,2,0,0,-1,-2,-3,-2,-0.62,3.0,12.3,0.151,-0.13,68.2,-1,0,-1,0,-3,2,3,-3,0,-1,-2,0,1,1,-2,1,-1,0,-2,0,17.0,13.0,28.0,24.0,41.0,2.32,2.26
107,96,73,0.760416667,0.52173913,0.39673913,0,-2,-3,-1,0,-1,-2,8,-3,-1,-3,-2,1,-2,0,0,-1,-2,-3,-2,2,-0.4,-0.5,10.4,0.23,0.41,50.7,-4,-1,0,1,-6,5,3,-2,7,-6,-5,-1,-4,-5,-4,-2,-2,0,-3,-5,14.0,18.0,24.0,28.0,42.0,2.42,3.19
108,30,29,0.966666667,0.16304347800000002,0.157608696,0,-2,-3,-1,0,-1,-2,8,-3,-1,-3,-2,1,-2,0,0,-1,-2,-3,-2,2,-0.4,-0.5,10.4,0.23,0.41,50.7,-4,1,1,-4,-2,-3,-3,-5,9,-5,-5,-2,-2,0,-5,1,-1,-4,4,-3,25.0,27.0,22.0,24.0,49.0,5.68,6.36
109,65,16,0.246153846,0.328282828,0.08080808099999999,0,-1,-3,0,2,-3,-2,0,-3,1,-2,0,0,-1,5,1,0,-1,-2,-2,-1,-0.69,0.2,10.5,0.18,-0.11,68.7,-1,1,3,1,-3,2,0,-2,1,0,0,0,0,-2,-3,1,0,-4,-2,-2,13.0,8.0,31.0,26.0,39.0,2.53,3.02
110,76,49,0.644736842,0.38578680200000004,0.248730964,0,-2,-2,-3,-3,6,-3,-1,0,-3,0,0,-3,-4,-3,-3,-2,-2,-1,1,3,0.61,-2.5,5.2,0.29,0.82,25.5,2,-1,-1,1,-3,1,1,-1,-2,0,-2,0,0,-1,-2,2,2,-4,-2,-1,18.0,17.0,27.0,26.0,44.0,2.98,3.96
111,75,1,0.013333333000000001,0.46012269899999997,0.0061349690000000005,0,-2,-3,6,2,-3,-1,-1,-3,-1,-4,-3,1,-1,0,-2,0,-1,-3,-4,-3,-0.72,3.0,13.0,0.105,-0.38,60.6,-3,1,-2,3,-5,2,4,-4,0,-1,-4,2,-2,-5,-3,-1,-1,-5,-4,-4,15.0,9.0,31.0,25.0,40.0,1.86,2.0
112,124,87,0.701612903,0.558558559,0.391891892,0,-2,-2,-3,-2,3,-3,2,-1,-2,-1,-1,-2,-3,-1,-2,-2,-2,-1,2,7,0.02,-2.3,6.2,0.298,0.66,55.2,-1,3,-1,-2,-3,3,0,-2,3,-2,0,0,0,0,-2,0,0,-2,2,-1,11.0,15.0,19.0,23.0,34.0,2.35,2.8
113,65,65,1.0,0.39634146299999995,0.39634146299999995,0,-1,-1,-4,-3,0,-4,-3,2,-2,4,2,-3,-3,-2,-2,-2,-1,1,-2,-1,0.53,-1.8,4.9,0.18600000000000003,0.4,27.6,-1,-1,0,-2,-2,-1,-2,-3,-2,2,2,0,1,2,-2,-1,0,-2,-1,2,23.0,22.0,18.0,17.0,40.0,5.12,4.91
114,161,84,0.52173913,0.813131313,0.424242424,0,-1,-3,0,2,-3,-2,0,-3,1,-2,0,0,-1,5,1,0,-1,-2,-2,-1,-0.69,0.2,10.5,0.18,-0.11,68.7,-1,1,0,-2,-3,2,-1,-3,2,1,0,1,1,-3,-1,0,1,-3,-2,0,15.0,16.0,20.0,21.0,36.0,1.95,2.44
115,13,12,0.923076923,0.1,0.092307692,0,1,-1,0,0,-2,0,-1,-2,0,-2,-1,1,-1,0,-1,4,1,-2,-3,-2,-0.26,0.3,9.2,0.062,-0.33,42.0,0,-2,2,0,0,-1,-1,0,-2,-2,-2,0,1,-2,1,2,2,-3,0,-1,22.0,27.0,14.0,19.0,41.0,3.44,2.94
116,67,25,0.37313432799999996,0.345360825,0.128865979,0,-1,-4,2,5,-3,-2,0,-3,1,-3,-2,0,-1,2,0,0,-1,-2,-3,-2,-0.62,3.0,12.3,0.151,-0.13,68.2,0,-1,2,3,-3,-1,2,-2,-2,-3,-3,1,-3,-2,-3,3,0,-4,1,-2,23.0,27.0,21.0,25.0,48.0,2.03,2.36
117,100,77,0.77,0.7692307690000001,0.592307692,0,1,-1,0,0,-2,0,-1,-2,0,-2,-1,1,-1,0,-1,4,1,-2,-3,-2,-0.26,0.3,9.2,0.062,-0.33,42.0,-1,-2,2,-1,-3,0,4,-2,-1,1,-3,0,-1,-3,0,1,2,-4,-3,0,18.0,21.0,21.0,24.0,42.0,2.37,2.0
118,61,39,0.639344262,0.388535032,0.248407643,0,-2,-3,1,0,-3,0,1,-3,0,-3,-2,6,-2,0,0,1,0,-3,-4,-2,-0.64,2.0,11.6,0.134,0.12,60.1,-3,-3,4,5,-4,-2,0,1,-3,-5,-5,-2,-4,-5,-1,2,0,-5,-4,-4,12.0,18.0,20.0,26.0,38.0,3.36,4.53
119,144,32,0.222222222,0.742268041,0.164948454,0,-1,-4,2,5,-3,-2,0,-3,1,-3,-2,0,-1,2,0,0,-1,-2,-3,-2,-0.62,3.0,12.3,0.151,-0.13,68.2,-2,-1,0,3,-5,0,5,-1,4,-5,-4,-1,-4,-5,-3,1,0,-5,-3,-4,7.0,3.0,24.0,20.0,27.0,1.83,2.0
120,32,29,0.90625,0.144144144,0.130630631,0,-2,-2,-3,-2,3,-3,2,-1,-2,-1,-1,-2,-3,-1,-2,-2,-2,-1,2,7,0.02,-2.3,6.2,0.298,0.66,55.2,2,2,0,-3,-2,0,-2,-3,4,-4,-4,-1,-1,1,-4,3,0,-3,4,-3,25.0,24.0,29.0,28.0,53.0,5.81,6.3
121,61,39,0.639344262,0.245967742,0.157258065,0,-1,-3,-2,0,-3,-2,0,-3,2,-2,-1,0,-2,1,5,-1,-1,-3,-3,-2,-1.76,3.0,10.5,0.29100000000000004,0.27,94.7,-3,5,-2,0,-5,-1,-2,-2,1,-5,-2,4,-3,-2,-4,-3,-3,-4,1,-3,25.0,22.0,29.0,26.0,51.0,5.39,7.95
122,77,71,0.922077922,0.472392638,0.43558282200000004,0,-2,-3,6,2,-3,-1,-1,-3,-1,-4,-3,1,-1,0,-2,0,-1,-3,-4,-3,-0.72,3.0,13.0,0.105,-0.38,60.6,-4,2,-1,0,-6,2,-1,-5,9,-6,-5,1,-4,-2,-5,-1,-4,-5,0,-6,28.0,28.0,28.0,28.0,56.0,8.25,8.62
123,39,31,0.794871795,0.190243902,0.151219512,1,-1,-3,-1,1,-3,-2,-1,-3,5,-2,-1,0,-1,1,2,0,-1,-2,-3,-2,-1.1,3.0,11.3,0.21899999999999997,-0.36,103.0,-4,0,-2,-4,-6,-2,-2,-4,0,-5,-5,7,0,-2,-4,-3,0,-5,-1,-3,31.0,23.0,36.0,28.0,59.0,4.86,6.11
124,56,49,0.875,0.39436619700000003,0.34507042299999996,1,0,-1,-1,-1,-2,-2,-2,-1,-1,-1,-1,0,-1,-1,-1,1,5,0,-2,-2,-0.18,-0.4,8.6,0.10800000000000001,-0.18,45.0,-2,-3,2,0,-1,-3,-3,-3,1,0,-1,-3,2,1,-3,2,5,-4,-3,-2,27.0,27.0,33.0,33.0,60.0,7.1,6.59
125,6,6,1.0,0.030456853,0.030456853,0,-2,-2,-3,-3,6,-3,-1,0,-3,0,0,-3,-4,-3,-3,-2,-2,-1,1,3,0.61,-2.5,5.2,0.29,0.82,25.5,-3,-5,-3,-6,-5,-4,-5,-6,0,-3,-1,-3,-3,5,-6,-3,-4,-1,8,-4,29.0,24.0,30.0,25.0,54.0,6.44,7.36
126,104,64,0.615384615,0.419354839,0.258064516,1,-1,-3,-2,0,-3,-2,0,-3,2,-2,-1,0,-2,1,5,-1,-1,-3,-3,-2,-1.76,3.0,10.5,0.29100000000000004,0.27,94.7,-3,4,0,-3,-5,1,0,-4,-3,-5,-5,6,-3,-5,-4,-1,1,-5,-4,-4,23.0,27.0,24.0,28.0,51.0,3.17,4.21
127,21,21,1.0,0.124260355,0.124260355,0,-1,-1,-3,-3,0,-4,-3,4,-3,2,1,-3,-3,-3,-3,-2,-1,3,-3,-1,0.73,-1.8,5.2,0.18600000000000003,0.44,22.8,-2,-4,-5,-5,-3,-4,-3,-5,-1,3,3,-4,2,1,-5,-4,-1,-4,-1,4,25.0,19.0,30.0,24.0,49.0,3.16,3.15
128,103,2,0.019417476,0.415322581,0.008064515999999999,0,-1,-3,-2,0,-3,-2,0,-3,2,-2,-1,0,-2,1,5,-1,-1,-3,-3,-2,-1.76,3.0,10.5,0.29100000000000004,0.27,94.7,-4,7,-1,-3,-6,1,-3,-5,0,-5,-2,1,-4,-5,-5,-3,-4,-5,-1,-5,17.0,10.0,24.0,17.0,34.0,1.83,2.0
129,199,76,0.381909548,0.896396396,0.342342342,0,-2,-2,-3,-2,3,-3,2,-1,-2,-1,-1,-2,-3,-1,-2,-2,-2,-1,2,7,0.02,-2.3,6.2,0.298,0.66,55.2,-2,-2,1,0,-4,-2,-1,-3,1,-3,-3,-2,-3,1,-4,1,0,-1,7,-3,6.0,4.0,22.0,20.0,26.0,1.82,2.0
130,19,19,1.0,0.083700441,0.083700441,1,-3,-2,-4,-3,1,-2,-2,-3,-3,-2,-1,-4,-4,-2,-3,-3,-2,-3,11,2,0.37,-3.4,5.4,0.409,0.83,34.7,0,1,2,-1,-1,-1,-1,-1,0,-1,-1,-1,-1,1,-1,1,-1,2,4,-1,24.0,28.0,26.0,30.0,54.0,6.67,6.33
131,63,26,0.412698413,0.27753304,0.114537445,1,-3,-2,-4,-3,1,-2,-2,-3,-3,-2,-1,-4,-4,-2,-3,-3,-2,-3,11,2,0.37,-3.4,5.4,0.409,0.83,34.7,-1,-1,0,0,-2,-1,0,-1,1,0,-1,0,-1,-1,2,1,0,2,2,-1,22.0,20.0,31.0,29.0,51.0,6.0,6.62
132,89,12,0.13483146099999999,0.54601227,0.073619632,1,-2,-3,6,2,-3,-1,-1,-3,-1,-4,-3,1,-1,0,-2,0,-1,-3,-4,-3,-0.72,3.0,13.0,0.105,-0.38,60.6,0,-1,3,2,-2,0,0,1,0,-3,-2,0,-2,-1,-1,1,0,0,-1,-2,14.0,16.0,24.0,26.0,40.0,5.12,5.96
133,65,0,0.0,0.39877300600000004,0.0,1,-2,-3,6,2,-3,-1,-1,-3,-1,-4,-3,1,-1,0,-2,0,-1,-3,-4,-3,-0.72,3.0,13.0,0.105,-0.38,60.6,1,-2,0,3,-3,-1,0,4,-3,-3,-2,-2,-3,-3,-3,1,-1,-4,-2,-1,13.0,19.0,14.0,20.0,33.0,2.58,2.99
134,77,18,0.233766234,0.472392638,0.11042944800000001,0,-2,-3,6,2,-3,-1,-1,-3,-1,-4,-3,1,-1,0,-2,0,-1,-3,-4,-3,-0.72,3.0,13.0,0.105,-0.38,60.6,1,-2,1,2,-3,0,0,1,-1,-3,-3,-1,-3,-3,1,2,0,-4,-1,-2,6.0,3.0,23.0,20.0,26.0,1.86,2.0
135,116,89,0.7672413790000001,0.522522523,0.40090090100000003,0,-2,-2,-3,-2,3,-3,2,-1,-2,-1,-1,-2,-3,-1,-2,-2,-2,-1,2,7,0.02,-2.3,6.2,0.298,0.66,55.2,-1,-1,4,0,-3,0,0,-2,2,-2,-2,0,-2,-1,-2,0,0,-1,4,-1,15.0,10.0,20.0,15.0,30.0,2.07,2.0
136,22,0,0.0,0.140127389,0.0,0,-2,-3,1,0,-3,0,1,-3,0,-3,-2,6,-2,0,0,1,0,-3,-4,-2,-0.64,2.0,11.6,0.134,0.12,60.1,3,-1,3,-2,-3,-1,-1,1,-2,-3,-3,-2,-3,-4,3,1,0,-4,-3,-2,24.0,15.0,26.0,17.0,41.0,2.17,2.0
137,62,58,0.935483871,0.329787234,0.308510638,0,0,-3,-1,-2,-3,6,-2,-4,-2,-4,-3,0,-2,-2,-2,0,-2,-3,-2,-3,0.16,0.0,9.0,0.0,-0.07,24.5,0,-2,0,-2,-4,-3,-2,1,1,-1,-2,-3,1,5,3,0,-1,2,0,-2,29.0,28.0,20.0,19.0,48.0,3.32,5.12
138,6,4,0.666666667,0.071428571,0.047619048,0,0,-3,-1,-2,-3,6,-2,-4,-2,-4,-3,0,-2,-2,-2,0,-2,-3,-2,-3,0.16,0.0,9.0,0.0,-0.07,24.5,-2,-6,0,-5,-6,-5,-5,7,-5,-6,-6,-5,-6,-6,-6,-4,-5,-5,1,-6,5.0,10.0,17.0,22.0,27.0,1.81,2.0
139,24,0,0.0,0.169014085,0.0,0,0,-1,-1,-1,-2,-2,-2,-1,-1,-1,-1,0,-1,-1,-1,1,5,0,-2,-2,-0.18,-0.4,8.6,0.10800000000000001,-0.18,45.0,0,-2,1,-1,5,-1,-1,0,-2,0,-1,-1,-1,-2,-2,1,2,-2,-2,0,27.0,24.0,25.0,22.0,49.0,5.25,5.25
140,93,50,0.537634409,0.47938144299999996,0.257731959,0,-1,-4,2,5,-3,-2,0,-3,1,-3,-2,0,-1,2,0,0,-1,-2,-3,-2,-0.62,3.0,12.3,0.151,-0.13,68.2,-1,-1,1,-1,-4,3,-1,3,0,-3,-3,-1,-2,-3,-2,2,2,-5,-2,-3,13.0,8.0,24.0,19.0,32.0,2.31,2.0
141,130,79,0.607692308,0.585585586,0.355855856,0,-2,-2,-3,-2,3,-3,2,-1,-2,-1,-1,-2,-3,-1,-2,-2,-2,-1,2,7,0.02,-2.3,6.2,0.298,0.66,55.2,-1,-1,1,-1,-3,-2,-1,0,3,-2,-1,-2,-3,3,0,2,0,-3,1,-1,15.0,9.0,31.0,25.0,40.0,2.18,2.0
142,16,0,0.0,0.19047619,0.0,1,0,-3,-1,-2,-3,6,-2,-4,-2,-4,-3,0,-2,-2,-2,0,-2,-3,-2,-3,0.16,0.0,9.0,0.0,-0.07,24.5,-1,0,1,1,-3,0,0,1,-1,0,-1,-1,-2,0,-1,1,0,2,2,-1,10.0,14.0,28.0,32.0,42.0,1.85,2.0
143,71,69,0.971830986,0.31981982,0.310810811,0,-2,-2,-3,-2,3,-3,2,-1,-2,-1,-1,-2,-3,-1,-2,-2,-2,-1,2,7,0.02,-2.3,6.2,0.298,0.66,55.2,-2,-2,1,-1,-2,-2,-1,0,0,-1,-1,-2,-3,2,-3,1,0,6,4,0,30.0,29.0,28.0,27.0,57.0,4.65,5.8
144,116,115,0.99137931,0.511013216,0.50660793,1,-3,-2,-4,-3,1,-2,-2,-3,-3,-2,-1,-4,-4,-2,-3,-3,-2,-3,11,2,0.37,-3.4,5.4,0.409,0.83,34.7,0,1,3,1,-3,-1,-2,1,-1,-2,-2,-2,-2,-1,-2,0,1,1,3,-1,24.0,26.0,25.0,27.0,51.0,4.32,5.69
145,66,55,0.833333333,0.507692308,0.423076923,0,1,-1,0,0,-2,0,-1,-2,0,-2,-1,1,-1,0,-1,4,1,-2,-3,-2,-0.26,0.3,9.2,0.062,-0.33,42.0,-1,-1,2,0,-3,0,0,1,-1,-2,-2,0,-3,-1,1,3,0,-3,1,-2,19.0,17.0,30.0,28.0,47.0,2.31,2.87
146,103,87,0.844660194,0.725352113,0.612676056,0,0,-1,-1,-1,-2,-2,-2,-1,-1,-1,-1,0,-1,-1,-1,1,5,0,-2,-2,-0.18,-0.4,8.6,0.10800000000000001,-0.18,45.0,-1,-1,0,-2,-4,0,0,-1,-1,-3,-1,0,0,-2,4,1,1,-1,0,-2,23.0,27.0,24.0,28.0,51.0,2.83,3.46
147,167,157,0.94011976,1.024539877,0.963190184,1,-2,-3,6,2,-3,-1,-1,-3,-1,-4,-3,1,-1,0,-2,0,-1,-3,-4,-3,-0.72,3.0,13.0,0.105,-0.38,60.6,-2,-2,1,6,-4,0,2,-1,-1,-3,-4,-1,-3,-4,-2,0,-1,-4,-3,-3,33.0,33.0,24.0,24.0,57.0,4.99,4.95
148,26,24,0.923076923,0.126829268,0.11707317099999999,1,-1,-3,-1,1,-3,-2,-1,-3,5,-2,-1,0,-1,1,2,0,-1,-2,-3,-2,-1.1,3.0,11.3,0.21899999999999997,-0.36,103.0,-1,2,0,-1,-3,1,1,-2,-1,-3,-3,5,-1,-3,-1,0,-1,-3,-2,-2,27.0,24.0,27.0,24.0,51.0,5.3,4.89
149,161,146,0.906832298,0.8172588829999999,0.741116751,1,-2,-2,-3,-3,6,-3,-1,0,-3,0,0,-3,-4,-3,-3,-2,-2,-1,1,3,0.61,-2.5,5.2,0.29,0.82,25.5,-2,-3,-3,-4,-2,-3,-3,-3,-1,0,0,-3,0,6,-4,-2,-2,1,3,-1,23.0,27.0,20.0,24.0,47.0,3.96,2.68
150,90,37,0.41111111100000003,0.661764706,0.272058824,1,-1,-3,-1,-1,-4,-2,-2,-3,-1,-3,-2,-2,7,-1,-2,-1,-1,-2,-4,-3,-0.07,0.0,8.0,0.131,-0.25,51.5,-1,-1,-2,-2,-3,-2,-2,-3,-3,-3,-3,-1,-3,-4,8,-1,-2,-4,-3,-3,7.0,8.0,17.0,18.0,25.0,1.98,2.0
151,90,34,0.37777777799999995,0.6338028170000001,0.23943662,1,0,-1,-3,-2,-1,-3,-3,3,-2,1,1,-3,-2,-2,-3,-2,0,4,-3,-1,0.54,-1.5,5.9,0.14,0.27,23.7,0,-1,-1,-1,-2,1,1,-2,-1,0,0,-1,0,-2,4,-1,0,-2,-2,1,16.0,16.0,15.0,15.0,31.0,1.84,2.16
152,152,69,0.45394736799999996,0.826086957,0.375,1,-2,-3,-1,0,-1,-2,8,-3,-1,-3,-2,1,-2,0,0,-1,-2,-3,-2,2,-0.4,-0.5,10.4,0.23,0.41,50.7,1,-1,-1,-1,-2,1,0,-1,3,-2,-2,-1,-2,-2,5,0,-1,-3,-1,-2,17.0,17.0,25.0,25.0,42.0,1.96,2.75
153,72,56,0.7777777779999999,0.857142857,0.666666667,1,0,-3,-1,-2,-3,6,-2,-4,-2,-4,-3,0,-2,-2,-2,0,-2,-3,-2,-3,0.16,0.0,9.0,0.0,-0.07,24.5,1,-1,0,-1,-1,-1,-1,4,-1,-2,-2,-1,-1,-2,2,0,-1,-1,-1,-1,30.0,31.0,22.0,23.0,53.0,1.61,2.0
154,122,122,1.0,0.897058824,0.897058824,1,-1,-3,-1,-1,-4,-2,-2,-3,-1,-3,-2,-2,7,-1,-2,-1,-1,-2,-4,-3,-0.07,0.0,8.0,0.131,-0.25,51.5,0,-2,-1,-1,-2,-1,-1,-1,-2,-2,-2,-1,-2,-2,7,-1,-1,-2,-2,-2,34.0,30.0,23.0,19.0,53.0,2.95,2.72
155,124,36,0.290322581,0.9117647059999999,0.264705882,1,-1,-3,-1,-1,-4,-2,-2,-3,-1,-3,-2,-2,7,-1,-2,-1,-1,-2,-4,-3,-0.07,0.0,8.0,0.131,-0.25,51.5,1,-2,-2,-1,-2,-1,-1,2,-2,-2,-3,-1,-2,-3,6,0,-1,-3,-2,-2,10.0,8.0,16.0,14.0,24.0,1.89,2.0
156,108,108,1.0,0.556701031,0.556701031,1,-1,-4,2,5,-3,-2,0,-3,1,-3,-2,0,-1,2,0,0,-1,-2,-3,-2,-0.62,3.0,12.3,0.151,-0.13,68.2,-1,0,0,2,-4,2,5,-2,0,-3,-3,1,-2,-3,-1,0,-1,-3,-2,-2,22.0,22.0,25.0,25.0,47.0,2.52,2.0
157,72,23,0.319444444,0.363636364,0.116161616,1,-1,-3,0,2,-3,-2,0,-3,1,-2,0,0,-1,5,1,0,-1,-2,-2,-1,-0.69,0.2,10.5,0.18,-0.11,68.7,-1,1,0,0,-3,5,2,-2,0,-3,-2,1,0,-3,-1,0,-1,-2,-1,-2,9.0,13.0,12.0,16.0,25.0,2.06,2.62
158,136,99,0.727941176,0.599118943,0.43612334799999997,1,-3,-2,-4,-3,1,-2,-2,-3,-3,-2,-1,-4,-4,-2,-3,-3,-2,-3,11,2,0.37,-3.4,5.4,0.409,0.83,34.7,-3,-3,-4,-4,-2,-2,-3,-2,-2,-3,-2,-3,-1,1,-4,-3,-2,10,2,-3,3.0,0.0,16.0,13.0,16.0,1.67,2.0
159,128,115,0.8984375,0.780487805,0.701219512,0,-1,-1,-4,-3,0,-4,-3,2,-2,4,2,-3,-3,-2,-2,-2,-1,1,-2,-1,0.53,-1.8,4.9,0.18600000000000003,0.4,27.6,0,0,0,-1,2,1,2,0,1,-2,0,0,-1,-2,0,0,0,-3,0,-1,21.0,14.0,21.0,14.0,35.0,2.43,2.0
160,83,8,0.09638554199999999,0.49112426,0.047337277999999997,0,-1,-1,-3,-3,0,-4,-3,4,-3,2,1,-3,-3,-3,-3,-2,-1,3,-3,-1,0.73,-1.8,5.2,0.18600000000000003,0.44,22.8,-1,1,1,0,2,0,1,-1,0,0,-1,0,0,-1,0,0,0,0,0,0,15.0,7.0,21.0,13.0,28.0,1.96,2.0
161,80,72,0.9,0.473372781,0.426035503,0,-1,-1,-3,-3,0,-4,-3,4,-3,2,1,-3,-3,-3,-3,-2,-1,3,-3,-1,0.73,-1.8,5.2,0.18600000000000003,0.44,22.8,-2,2,-1,-2,-4,2,1,-3,3,-1,-2,1,-2,-1,-3,0,2,-4,1,0,23.0,22.0,25.0,24.0,47.0,3.24,3.19
162,92,1,0.010869565,0.56097561,0.006097561,0,-1,-1,-4,-3,0,-4,-3,2,-2,4,2,-3,-3,-2,-2,-2,-1,1,-2,-1,0.53,-1.8,4.9,0.18600000000000003,0.4,27.6,-2,2,-1,-1,-5,2,-1,-3,1,-3,0,0,-4,-2,5,-1,-2,-1,1,-2,10.0,5.0,27.0,22.0,32.0,2.34,2.18
163,86,69,0.802325581,0.443298969,0.35567010299999996,0,-1,-4,2,5,-3,-2,0,-3,1,-3,-2,0,-1,2,0,0,-1,-2,-3,-2,-0.62,3.0,12.3,0.151,-0.13,68.2,-1,1,-1,0,-3,2,2,-1,0,-2,-2,1,0,-1,-3,1,2,1,0,-1,19.0,17.0,24.0,22.0,41.0,3.62,5.41
164,85,37,0.43529411799999995,0.429292929,0.186868687,0,-1,-3,0,2,-3,-2,0,-3,1,-2,0,0,-1,5,1,0,-1,-2,-2,-1,-0.69,0.2,10.5,0.18,-0.11,68.7,-2,0,-2,-2,9,1,0,-2,0,-2,-3,-2,-1,-1,-2,-3,-3,-6,-1,-1,19.0,19.0,12.0,12.0,31.0,1.9,2.23
165,130,109,0.838461538,0.915492958,0.767605634,0,0,-1,-3,-2,-1,-3,-3,3,-2,1,1,-3,-2,-2,-3,-2,0,4,-3,-1,0.54,-1.5,5.9,0.14,0.27,23.7,-2,-1,-1,-1,2,0,0,-2,2,-1,-1,-2,0,-1,3,0,1,2,1,-1,12.0,22.0,20.0,30.0,42.0,4.26,4.32
166,71,34,0.478873239,0.452229299,0.21656051,0,-2,-3,1,0,-3,0,1,-3,0,-3,-2,6,-2,0,0,1,0,-3,-4,-2,-0.64,2.0,11.6,0.134,0.12,60.1,-3,-2,1,-1,7,0,1,-1,1,-1,-2,-1,-1,-1,1,-1,-1,-7,1,-1,13.0,12.0,24.0,23.0,36.0,2.3,3.09
167,167,73,0.437125749,0.860824742,0.37628866,0,-1,-4,2,5,-3,-2,0,-3,1,-3,-2,0,-1,2,0,0,-1,-2,-3,-2,-0.62,3.0,12.3,0.151,-0.13,68.2,-2,1,2,1,2,1,1,0,1,-2,-1,0,-1,1,-1,-1,-2,1,0,-3,7.0,10.0,31.0,34.0,41.0,2.18,2.88
168,25,25,1.0,0.159235669,0.159235669,1,-2,-3,1,0,-3,0,1,-3,0,-3,-2,6,-2,0,0,1,0,-3,-4,-2,-0.64,2.0,11.6,0.134,0.12,60.1,-1,-1,5,1,-2,0,0,0,0,-3,-3,0,-2,-3,-2,2,0,-4,-2,-3,24.0,27.0,23.0,26.0,50.0,5.25,5.55
169,102,101,0.990196078,0.517766497,0.512690355,1,-2,-2,-3,-3,6,-3,-1,0,-3,0,0,-3,-4,-3,-3,-2,-2,-1,1,3,0.61,-2.5,5.2,0.29,0.82,25.5,-2,2,-2,-2,-3,-1,-1,-3,0,-1,-1,1,-1,4,-3,-1,-2,1,4,-1,32.0,30.0,30.0,28.0,60.0,7.36,7.5
170,40,15,0.375,0.21739130399999998,0.08152173900000001,0,-2,-3,-1,0,-1,-2,8,-3,-1,-3,-2,1,-2,0,0,-1,-2,-3,-2,2,-0.4,-0.5,10.4,0.23,0.41,50.7,0,0,1,-1,-2,2,0,-1,3,-1,1,-1,1,0,-2,0,-1,-2,1,-1,20.0,16.0,28.0,24.0,44.0,2.63,2.72
171,75,75,1.0,0.33783783799999995,0.33783783799999995,1,-2,-2,-3,-2,3,-3,2,-1,-2,-1,-1,-2,-3,-1,-2,-2,-2,-1,2,7,0.02,-2.3,6.2,0.298,0.66,55.2,-2,-2,0,1,-3,-2,-2,-3,1,-2,-2,-2,-2,5,-3,-1,-1,0,6,-2,28.0,30.0,15.0,17.0,45.0,3.67,2.0
172,161,126,0.7826086959999999,0.649193548,0.508064516,0,-1,-3,-2,0,-3,-2,0,-3,2,-2,-1,0,-2,1,5,-1,-1,-3,-3,-2,-1.76,3.0,10.5,0.29100000000000004,0.27,94.7,-1,4,-1,-1,-3,3,1,0,1,-3,-1,2,-2,-3,-2,-1,-2,1,-1,-2,19.0,19.0,18.0,18.0,37.0,2.01,2.0
173,35,21,0.6,0.154185022,0.092511013,0,-3,-2,-4,-3,1,-2,-2,-3,-3,-2,-1,-4,-4,-2,-3,-3,-2,-3,11,2,0.37,-3.4,5.4,0.409,0.83,34.7,-4,-5,-5,-6,-4,-4,-5,-4,-4,-4,-4,-5,-3,0,-5,-5,-4,12,0,-5,25.0,25.0,22.0,22.0,47.0,3.56,5.17
174,155,71,0.45806451600000003,0.625,0.286290323,0,-1,-3,-2,0,-3,-2,0,-3,2,-2,-1,0,-2,1,5,-1,-1,-3,-3,-2,-1.76,3.0,10.5,0.29100000000000004,0.27,94.7,-1,3,0,1,-3,0,0,-3,0,-2,-2,2,-2,-2,2,-1,-1,-3,1,1,10.0,9.0,22.0,21.0,31.0,2.01,2.0
175,67,61,0.9104477609999999,0.408536585,0.37195122,0,-1,-1,-4,-3,0,-4,-3,2,-2,4,2,-3,-3,-2,-2,-2,-1,1,-2,-1,0.53,-1.8,4.9,0.18600000000000003,0.4,27.6,1,0,-2,-1,-2,-1,0,0,2,1,1,-1,0,-1,-2,-1,-1,-3,-1,1,25.0,21.0,22.0,18.0,43.0,2.21,2.0
176,51,15,0.294117647,0.35915493,0.10563380300000001,0,0,-1,-1,-1,-2,-2,-2,-1,-1,-1,-1,0,-1,-1,-1,1,5,0,-2,-2,-0.18,-0.4,8.6,0.10800000000000001,-0.18,45.0,0,-1,-1,0,-2,-1,0,-2,-2,-1,0,1,-1,-3,-2,1,5,-3,-2,-1,10.0,15.0,24.0,29.0,39.0,2.33,2.72
177,50,50,1.0,0.243902439,0.243902439,1,-1,-3,-1,1,-3,-2,-1,-3,5,-2,-1,0,-1,1,2,0,-1,-2,-3,-2,-1.1,3.0,11.3,0.21899999999999997,-0.36,103.0,-2,1,-2,-2,-5,1,-1,-3,-2,-4,-3,7,2,-4,-3,-2,-2,-4,-3,-3,27.0,27.0,27.0,27.0,54.0,3.98,3.79
178,100,82,0.82,0.487804878,0.4,1,-1,-3,-1,1,-3,-2,-1,-3,5,-2,-1,0,-1,1,2,0,-1,-2,-3,-2,-1.1,3.0,11.3,0.21899999999999997,-0.36,103.0,-2,4,-1,-2,-4,1,-1,-3,0,-4,-3,6,-3,-4,-3,0,0,-4,-3,-3,26.0,23.0,27.0,24.0,50.0,2.75,2.7
179,7,2,0.28571428600000004,0.041420118,0.01183432,0,-1,-1,-3,-3,0,-4,-3,4,-3,2,1,-3,-3,-3,-3,-2,-1,3,-3,-1,0.73,-1.8,5.2,0.18600000000000003,0.44,22.8,-2,-4,-5,-5,-3,-4,-5,-5,-5,6,0,-4,0,-2,-4,-4,-2,-4,-3,4,23.0,23.0,22.0,22.0,45.0,3.44,4.09
180,40,40,1.0,0.307692308,0.307692308,0,1,-1,0,0,-2,0,-1,-2,0,-2,-1,1,-1,0,-1,4,1,-2,-3,-2,-0.26,0.3,9.2,0.062,-0.33,42.0,0,2,-1,-1,-2,2,0,-1,-1,-3,-2,3,-2,-3,-1,2,0,-3,-2,-2,30.0,27.0,22.0,19.0,49.0,2.74,2.0
181,100,99,0.99,0.613496933,0.607361963,1,-2,-3,6,2,-3,-1,-1,-3,-1,-4,-3,1,-1,0,-2,0,-1,-3,-4,-3,-0.72,3.0,13.0,0.105,-0.38,60.6,-2,2,1,4,-4,1,2,1,-1,-3,-2,-1,-3,-4,-2,0,-2,-4,-3,-3,21.0,19.0,18.0,16.0,37.0,3.09,3.28
182,109,72,0.660550459,0.644970414,0.426035503,0,-1,-1,-3,-3,0,-4,-3,4,-3,2,1,-3,-3,-3,-3,-2,-1,3,-3,-1,0.73,-1.8,5.2,0.18600000000000003,0.44,22.8,-1,-2,-2,-3,-2,-2,-2,-3,-3,4,1,0,1,-1,-3,0,-1,-3,-2,2,19.0,19.0,19.0,19.0,38.0,2.72,2.64
183,32,19,0.59375,0.22535211300000002,0.133802817,0,0,-1,-1,-1,-2,-2,-2,-1,-1,-1,-1,0,-1,-1,-1,1,5,0,-2,-2,-0.18,-0.4,8.6,0.10800000000000001,-0.18,45.0,0,-2,2,-1,-1,-1,-1,-2,-2,0,-1,-1,-1,-2,2,1,4,-3,-2,0,20.0,22.0,20.0,22.0,42.0,3.16,3.51
184,71,19,0.267605634,0.358585859,0.095959596,0,-1,-3,0,2,-3,-2,0,-3,1,-2,0,0,-1,5,1,0,-1,-2,-2,-1,-0.69,0.2,10.5,0.18,-0.11,68.7,-1,4,-1,-1,-3,3,1,-2,0,-3,-3,3,-1,-3,1,-1,-1,-3,-2,-3,16.0,14.0,27.0,25.0,41.0,1.97,2.0
185,10,8,0.8,0.070422535,0.056338028,0,0,-1,-1,-1,-2,-2,-2,-1,-1,-1,-1,0,-1,-1,-1,1,5,0,-2,-2,-0.18,-0.4,8.6,0.10800000000000001,-0.18,45.0,-1,-2,1,-1,-1,-1,-1,-2,-2,1,-1,-1,1,-2,-2,1,5,-3,-2,0,25.0,23.0,19.0,17.0,42.0,5.48,5.24
186,59,15,0.254237288,0.297979798,0.075757576,0,-1,-3,0,2,-3,-2,0,-3,1,-2,0,0,-1,5,1,0,-1,-2,-2,-1,-0.69,0.2,10.5,0.18,-0.11,68.7,0,2,0,-1,-2,2,0,3,-1,-2,-2,0,-1,-2,-1,0,0,-1,-1,-1,19.0,12.0,26.0,19.0,38.0,2.74,3.72
187,128,61,0.4765625,0.516129032,0.245967742,0,-1,-3,-2,0,-3,-2,0,-3,2,-2,-1,0,-2,1,5,-1,-1,-3,-3,-2,-1.76,3.0,10.5,0.29100000000000004,0.27,94.7,-1,4,0,-1,-3,1,0,0,-1,-3,-2,3,-2,-3,-1,0,-1,-3,-2,-2,14.0,8.0,29.0,23.0,37.0,3.01,3.81
188,53,10,0.188679245,0.258536585,0.048780488,0,-1,-3,-1,1,-3,-2,-1,-3,5,-2,-1,0,-1,1,2,0,-1,-2,-3,-2,-1.1,3.0,11.3,0.21899999999999997,-0.36,103.0,0,4,0,-1,-3,0,0,1,-1,-3,-3,3,-2,-3,-2,1,-1,-3,-2,-2,20.0,17.0,28.0,25.0,45.0,3.53,4.26
189,102,96,0.9411764709999999,0.41129032299999996,0.387096774,0,-1,-3,-2,0,-3,-2,0,-3,2,-2,-1,0,-2,1,5,-1,-1,-3,-3,-2,-1.76,3.0,10.5,0.29100000000000004,0.27,94.7,0,2,-1,-2,3,0,-1,4,-2,-3,-3,2,-2,-3,-2,-1,-1,-3,-3,-3,28.0,21.0,27.0,20.0,48.0,6.11,6.25
190,160,133,0.83125,0.64516129,0.536290323,1,-1,-3,-2,0,-3,-2,0,-3,2,-2,-1,0,-2,1,5,-1,-1,-3,-3,-2,-1.76,3.0,10.5,0.29100000000000004,0.27,94.7,-1,6,-1,-2,-4,1,0,-3,-1,-3,-3,2,-2,-3,-2,0,-1,-3,-2,-3,20.0,15.0,32.0,27.0,47.0,4.82,7.32
191,91,89,0.978021978,0.579617834,0.566878981,1,-2,-3,1,0,-3,0,1,-3,0,-3,-2,6,-2,0,0,1,0,-3,-4,-2,-0.64,2.0,11.6,0.134,0.12,60.1,-2,0,6,1,-3,0,0,0,1,-3,-3,0,-2,-3,-2,1,0,-4,-2,-3,22.0,20.0,30.0,28.0,50.0,3.24,3.91
192,144,144,1.0,1.014084507,1.014084507,1,0,-1,-1,-1,-2,-2,-2,-1,-1,-1,-1,0,-1,-1,-1,1,5,0,-2,-2,-0.18,-0.4,8.6,0.10800000000000001,-0.18,45.0,0,-1,0,-1,-2,0,-1,-1,-2,-2,-2,1,-2,-3,-1,4,4,-3,-2,-1,29.0,29.0,27.0,27.0,56.0,30.73,30.7
193,97,87,0.8969072159999999,0.7461538459999999,0.669230769,1,1,-1,0,0,-2,0,-1,-2,0,-2,-1,1,-1,0,-1,4,1,-2,-3,-2,-0.26,0.3,9.2,0.062,-0.33,42.0,2,-1,0,-1,-1,-1,0,-1,-2,-3,-3,-1,-2,-3,2,4,0,-3,-2,-2,24.0,35.0,19.0,30.0,54.0,27.56,28.1
194,142,102,0.7183098590000001,0.572580645,0.41129032299999996,1,-1,-3,-2,0,-3,-2,0,-3,2,-2,-1,0,-2,1,5,-1,-1,-3,-3,-2,-1.76,3.0,10.5,0.29100000000000004,0.27,94.7,1,5,-2,-2,-3,0,0,-3,-2,-4,-3,1,1,-4,2,2,-2,3,-3,-3,21.0,19.0,16.0,14.0,35.0,2.14,2.0
195,109,25,0.229357798,0.592391304,0.135869565,0,-2,-3,-1,0,-1,-2,8,-3,-1,-3,-2,1,-2,0,0,-1,-2,-3,-2,2,-0.4,-0.5,10.4,0.23,0.41,50.7,-1,2,0,1,-4,-1,-2,-3,2,-4,-4,4,-3,-3,-4,-2,-1,8,-2,-4,17.0,10.0,21.0,14.0,31.0,2.23,2.0
196,45,29,0.644444444,0.22727272699999998,0.146464646,0,-1,-3,0,2,-3,-2,0,-3,1,-2,0,0,-1,5,1,0,-1,-2,-2,-1,-0.69,0.2,10.5,0.18,-0.11,68.7,-3,-1,-2,-3,-5,7,0,-4,0,-5,-2,3,-3,-5,-4,0,-2,-5,-4,-4,23.0,21.0,23.0,21.0,44.0,4.61,5.28
197,11,5,0.454545455,0.059782609,0.027173912999999997,0,-2,-3,-1,0,-1,-2,8,-3,-1,-3,-2,1,-2,0,0,-1,-2,-3,-2,2,-0.4,-0.5,10.4,0.23,0.41,50.7,-5,-3,-3,-2,-6,0,-3,-5,11,-6,-6,-4,-5,-4,-5,-4,-5,-5,1,-6,29.0,28.0,24.0,23.0,52.0,5.98,5.5
198,180,146,0.811111111,0.725806452,0.588709677,0,-1,-3,-2,0,-3,-2,0,-3,2,-2,-1,0,-2,1,5,-1,-1,-3,-3,-2,-1.76,3.0,10.5,0.29100000000000004,0.27,94.7,0,4,0,0,-2,1,-1,-2,-2,-2,-2,3,-1,-2,-3,1,-1,-4,-3,-1,21.0,18.0,21.0,18.0,39.0,2.03,2.0
199,192,75,0.390625,0.774193548,0.302419355,0,-1,-3,-2,0,-3,-2,0,-3,2,-2,-1,0,-2,1,5,-1,-1,-3,-3,-2,-1.76,3.0,10.5,0.29100000000000004,0.27,94.7,-1,4,0,-1,0,1,-1,-1,-1,0,-2,2,0,-3,-1,0,-1,-4,-3,0,19.0,14.0,22.0,17.0,36.0,2.01,2.29
200,105,12,0.11428571400000001,0.668789809,0.07643312099999999,0,-2,-3,1,0,-3,0,1,-3,0,-3,-2,6,-2,0,0,1,0,-3,-4,-2,-0.64,2.0,11.6,0.134,0.12,60.1,-2,-2,6,1,-4,0,0,-1,-1,-4,-3,2,-3,-3,-3,-1,-2,-4,1,-4,15.0,14.0,17.0,16.0,31.0,1.89,2.0
201,101,72,0.712871287,0.548913043,0.39130434799999997,0,-2,-3,-1,0,-1,-2,8,-3,-1,-3,-2,1,-2,0,0,-1,-2,-3,-2,2,-0.4,-0.5,10.4,0.23,0.41,50.7,-2,1,-2,-1,-3,-1,-2,-3,0,1,-3,2,-1,-4,-2,1,5,-4,-3,0,17.0,17.0,26.0,26.0,43.0,2.16,2.0
202,181,96,0.53038674,0.797356828,0.42290748899999997,0,-3,-2,-4,-3,1,-2,-2,-3,-3,-2,-1,-4,-4,-2,-3,-3,-2,-3,11,2,0.37,-3.4,5.4,0.409,0.83,34.7,-1,3,-3,-4,-4,-2,-3,-4,2,2,-2,-2,-2,0,2,-3,0,2,6,-2,10.0,12.0,20.0,22.0,32.0,2.0,2.8
203,84,52,0.6190476189999999,0.432989691,0.268041237,0,-1,-4,2,5,-3,-2,0,-3,1,-3,-2,0,-1,2,0,0,-1,-2,-3,-2,-0.62,3.0,12.3,0.151,-0.13,68.2,-3,1,2,4,-5,-1,5,-3,-2,-5,-3,-1,-4,-5,-3,-2,-3,0,-4,-3,18.0,17.0,17.0,16.0,34.0,1.79,2.0
204,85,62,0.729411765,0.46195652200000004,0.33695652200000004,0,-2,-3,-1,0,-1,-2,8,-3,-1,-3,-2,1,-2,0,0,-1,-2,-3,-2,2,-0.4,-0.5,10.4,0.23,0.41,50.7,-5,-3,0,-1,-6,-2,-3,-5,11,-6,-6,-4,-5,-4,-5,-4,-5,-5,-1,-6,22.0,18.0,32.0,28.0,50.0,3.66,3.83
205,62,32,0.516129032,0.279279279,0.144144144,0,-2,-2,-3,-2,3,-3,2,-1,-2,-1,-1,-2,-3,-1,-2,-2,-2,-1,2,7,0.02,-2.3,6.2,0.298,0.66,55.2,-3,-3,2,0,-4,-2,-2,-3,1,-1,-3,-2,-1,1,-4,1,1,-2,7,-2,25.0,20.0,27.0,22.0,47.0,3.49,4.44
206,80,71,0.8875,0.352422907,0.31277533,1,-3,-2,-4,-3,1,-2,-2,-3,-3,-2,-1,-4,-4,-2,-3,-3,-2,-3,11,2,0.37,-3.4,5.4,0.409,0.83,34.7,-1,1,1,0,-3,-1,-1,-2,0,-1,-2,-1,-1,1,1,1,-1,2,5,-2,18.0,21.0,22.0,25.0,43.0,5.67,5.68
207,119,78,0.655462185,0.73006135,0.478527607,1,-2,-3,6,2,-3,-1,-1,-3,-1,-4,-3,1,-1,0,-2,0,-1,-3,-4,-3,-0.72,3.0,13.0,0.105,-0.38,60.6,0,-1,2,3,-3,1,1,1,0,-2,-2,-1,-2,-2,-2,2,0,-3,-2,-2,19.0,16.0,22.0,19.0,38.0,2.36,2.0
208,97,56,0.5773195879999999,0.617834395,0.35668789799999995,0,-2,-3,1,0,-3,0,1,-3,0,-3,-2,6,-2,0,0,1,0,-3,-4,-2,-0.64,2.0,11.6,0.134,0.12,60.1,1,-1,2,2,-3,1,1,1,-2,-2,-3,-1,-2,-1,-1,2,1,-3,-1,-1,14.0,11.0,25.0,22.0,36.0,2.29,2.0
209,72,51,0.708333333,0.441717791,0.312883436,0,-2,-3,6,2,-3,-1,-1,-3,-1,-4,-3,1,-1,0,-2,0,-1,-3,-4,-3,-0.72,3.0,13.0,0.105,-0.38,60.6,-1,0,3,1,-3,1,1,-1,2,-1,-2,1,-1,-2,0,0,0,-3,3,-2,19.0,12.0,27.0,20.0,39.0,2.43,2.29
210,28,28,1.0,0.14432989699999998,0.14432989699999998,1,-1,-4,2,5,-3,-2,0,-3,1,-3,-2,0,-1,2,0,0,-1,-2,-3,-2,-0.62,3.0,12.3,0.151,-0.13,68.2,-1,-1,-1,1,-4,1,-1,1,-2,-2,-1,-2,-1,1,-3,1,-1,4,4,0,24.0,27.0,22.0,25.0,49.0,8.63,7.91
211,112,69,0.616071429,0.6871165640000001,0.423312883,1,-2,-3,6,2,-3,-1,-1,-3,-1,-4,-3,1,-1,0,-2,0,-1,-3,-4,-3,-0.72,3.0,13.0,0.105,-0.38,60.6,0,-2,1,2,-3,-2,0,2,-1,-2,-3,-1,-3,-2,-1,2,1,-3,2,-3,19.0,21.0,28.0,30.0,49.0,6.37,6.88
212,182,155,0.851648352,0.81981982,0.6981981979999999,1,-2,-2,-3,-2,3,-3,2,-1,-2,-1,-1,-2,-3,-1,-2,-2,-2,-1,2,7,0.02,-2.3,6.2,0.298,0.66,55.2,-1,-1,1,-2,-4,-2,-2,1,-1,-2,-1,-3,-1,1,1,1,0,2,4,-2,25.0,22.0,28.0,25.0,50.0,8.72,8.77
213,143,67,0.468531469,0.644144144,0.301801802,1,-2,-2,-3,-2,3,-3,2,-1,-2,-1,-1,-2,-3,-1,-2,-2,-2,-1,2,7,0.02,-2.3,6.2,0.298,0.66,55.2,-2,-4,0,-2,-2,-2,-1,-2,1,-3,0,-3,-2,1,4,0,0,2,5,-3,22.0,22.0,25.0,25.0,47.0,4.71,5.11
214,101,5,0.04950495,0.49268292700000005,0.024390244,0,-1,-3,-1,1,-3,-2,-1,-3,5,-2,-1,0,-1,1,2,0,-1,-2,-3,-2,-1.1,3.0,11.3,0.21899999999999997,-0.36,103.0,-1,-1,0,-1,-3,-2,-2,2,0,0,-4,-1,-3,-4,-2,4,3,-4,-3,-2,5.0,12.0,22.0,29.0,34.0,2.27,2.79
215,62,31,0.5,0.33695652200000004,0.16847826100000002,0,-2,-3,-1,0,-1,-2,8,-3,-1,-3,-2,1,-2,0,0,-1,-2,-3,-2,2,-0.4,-0.5,10.4,0.23,0.41,50.7,0,-1,0,-1,-1,-3,-3,0,1,-3,-2,-2,-3,1,-4,0,0,5,6,-2,22.0,20.0,33.0,31.0,53.0,7.09,7.0
216,19,0,0.0,0.139705882,0.0,0,-2,-3,6,2,-3,-1,-1,-3,-1,-4,-3,1,-1,0,-2,0,-1,-3,-4,-3,-0.72,3.0,13.0,0.105,-0.38,60.6,1,0,2,1,-3,0,0,-1,0,-2,-2,-1,-1,0,-1,1,0,1,3,-1,11.0,13.0,25.0,27.0,38.0,3.75,4.62
217,85,49,0.576470588,0.50295858,0.289940828,1,-1,-1,-3,-3,0,-4,-3,4,-3,2,1,-3,-3,-3,-3,-2,-1,3,-3,-1,0.73,-1.8,5.2,0.18600000000000003,0.44,22.8,0,-2,0,1,-3,-1,1,2,-1,-2,-2,-2,-2,-1,1,2,0,-3,2,-1,25.0,24.0,31.0,30.0,55.0,6.28,5.56
218,208,198,0.951923077,0.936936937,0.8918918920000001,1,-2,-2,-3,-2,3,-3,2,-1,-2,-1,-1,-2,-3,-1,-2,-2,-2,-1,2,7,0.02,-2.3,6.2,0.298,0.66,55.2,-1,-1,2,-2,-3,-1,-1,0,-1,-1,-1,-2,-2,1,1,1,0,3,4,-2,29.0,29.0,23.0,23.0,52.0,5.72,6.6
219,90,0,0.0,0.405405405,0.0,1,-2,-2,-3,-2,3,-3,2,-1,-2,-1,-1,-2,-3,-1,-2,-2,-2,-1,2,7,0.02,-2.3,6.2,0.298,0.66,55.2,-3,-4,-4,-4,-4,-4,-2,-4,2,1,-2,-4,-1,0,-3,-2,3,-3,5,4,22.0,20.0,21.0,19.0,41.0,5.88,4.81
220,73,56,0.767123288,0.356097561,0.27317073199999997,1,-1,-3,-1,1,-3,-2,-1,-3,5,-2,-1,0,-1,1,2,0,-1,-2,-3,-2,-1.1,3.0,11.3,0.21899999999999997,-0.36,103.0,-1,2,0,-1,-3,1,1,-2,-1,-3,-2,5,-1,-3,-1,0,-1,-3,-2,-2,22.0,25.0,17.0,20.0,42.0,3.97,3.57
221,37,0,0.0,0.226993865,0.0,0,-2,-3,6,2,-3,-1,-1,-3,-1,-4,-3,1,-1,0,-2,0,-1,-3,-4,-3,-0.72,3.0,13.0,0.105,-0.38,60.6,-2,-2,1,6,-3,0,2,-1,-1,-3,-4,-1,-3,-3,-1,0,-1,-4,-3,-3,21.0,14.0,21.0,14.0,35.0,3.83,3.73
222,29,2,0.068965517,0.184713376,0.012738853999999999,1,-2,-3,1,0,-3,0,1,-3,0,-3,-2,6,-2,0,0,1,0,-3,-4,-2,-0.64,2.0,11.6,0.134,0.12,60.1,-2,0,6,1,-3,0,0,0,1,-3,-3,0,-2,-3,-2,1,0,-4,-2,-3,19.0,24.0,14.0,19.0,38.0,3.53,4.28
223,214,170,0.794392523,0.8629032259999999,0.685483871,1,-1,-3,-2,0,-3,-2,0,-3,2,-2,-1,0,-2,1,5,-1,-1,-3,-3,-2,-1.76,3.0,10.5,0.29100000000000004,0.27,94.7,-1,5,0,-2,-3,1,0,-2,0,-3,-2,2,-1,-3,-2,-1,-1,-3,-2,-3,20.0,13.0,19.0,12.0,32.0,3.05,2.54
224,153,77,0.503267974,0.7886597940000001,0.396907216,0,-1,-4,2,5,-3,-2,0,-3,1,-3,-2,0,-1,2,0,0,-1,-2,-3,-2,-0.62,3.0,12.3,0.151,-0.13,68.2,-1,0,0,2,-4,2,5,-2,0,-3,-3,1,-2,-3,-1,0,-1,-3,-2,-2,15.0,15.0,11.0,11.0,26.0,2.38,2.0
225,16,10,0.625,0.082474227,0.051546392,1,-1,-4,2,5,-3,-2,0,-3,1,-3,-2,0,-1,2,0,0,-1,-2,-3,-2,-0.62,3.0,12.3,0.151,-0.13,68.2,-1,0,0,2,-4,2,5,-2,0,-3,-3,1,-2,-3,-1,0,-1,-3,-2,-2,23.0,27.0,24.0,28.0,51.0,8.16,8.94
226,3,3,1.0,0.012096774,0.012096774,1,-1,-3,-2,0,-3,-2,0,-3,2,-2,-1,0,-2,1,5,-1,-1,-3,-3,-2,-1.76,3.0,10.5,0.29100000000000004,0.27,94.7,-1,5,0,-2,-3,1,0,-2,0,-3,-2,2,-1,-3,-2,-1,-1,-3,-2,-3,28.0,28.0,22.0,22.0,50.0,8.51,8.92
227,108,108,1.0,0.586956522,0.586956522,1,-2,-3,-1,0,-1,-2,8,-3,-1,-3,-2,1,-2,0,0,-1,-2,-3,-2,2,-0.4,-0.5,10.4,0.23,0.41,50.7,-2,0,1,-1,-3,0,0,-2,8,-3,-3,-1,-2,-1,-2,-1,-2,-2,2,-3,19.0,25.0,17.0,23.0,42.0,5.41,5.2
228,112,89,0.794642857,0.504504505,0.40090090100000003,0,-2,-2,-3,-2,3,-3,2,-1,-2,-1,-1,-2,-3,-1,-2,-2,-2,-1,2,7,0.02,-2.3,6.2,0.298,0.66,55.2,-3,-1,-2,-3,-4,-2,-3,-1,-1,-2,-2,-1,-4,2,-4,1,-1,2,8,-3,17.0,23.0,24.0,30.0,47.0,4.21,6.3
229,117,57,0.487179487,0.527027027,0.256756757,0,-2,-2,-3,-2,3,-3,2,-1,-2,-1,-1,-2,-3,-1,-2,-2,-2,-1,2,7,0.02,-2.3,6.2,0.298,0.66,55.2,-1,0,-1,0,-3,-1,0,1,-1,0,-1,-1,-1,1,-1,1,-1,2,3,-1,11.0,15.0,27.0,31.0,42.0,2.56,3.37
230,108,76,0.703703704,0.475770925,0.334801762,0,-3,-2,-4,-3,1,-2,-2,-3,-3,-2,-1,-4,-4,-2,-3,-3,-2,-3,11,2,0.37,-3.4,5.4,0.409,0.83,34.7,-1,-1,3,2,-3,-2,-2,1,-1,-3,-2,-2,-3,-1,-2,1,0,1,3,-3,26.0,23.0,21.0,18.0,44.0,2.89,3.76
231,47,40,0.85106383,0.286585366,0.243902439,1,-1,-1,-4,-3,0,-4,-3,2,-2,4,2,-3,-3,-2,-2,-2,-1,1,-2,-1,0.53,-1.8,4.9,0.18600000000000003,0.4,27.6,-2,-2,-4,-4,-1,-2,-3,-4,-3,2,4,-3,2,0,-3,-3,-1,-2,-1,1,17.0,17.0,30.0,30.0,47.0,3.54,4.33
232,62,50,0.806451613,0.314720812,0.253807107,1,-2,-2,-3,-3,6,-3,-1,0,-3,0,0,-3,-4,-3,-3,-2,-2,-1,1,3,0.61,-2.5,5.2,0.29,0.82,25.5,-2,-3,-3,-4,-3,-4,-4,-3,-1,0,0,-3,0,7,-4,-3,-2,1,3,-1,23.0,22.0,24.0,23.0,46.0,4.91,6.97
233,84,40,0.47619047600000003,0.515337423,0.24539877300000001,0,-2,-3,6,2,-3,-1,-1,-3,-1,-4,-3,1,-1,0,-2,0,-1,-3,-4,-3,-0.72,3.0,13.0,0.105,-0.38,60.6,-2,-2,1,6,-4,0,2,-1,-1,-3,-4,-1,-3,-4,-2,0,-1,-5,-3,-3,4.0,14.0,21.0,31.0,35.0,2.86,3.2
234,109,33,0.302752294,0.838461538,0.253846154,0,1,-1,0,0,-2,0,-1,-2,0,-2,-1,1,-1,0,-1,4,1,-2,-3,-2,-0.26,0.3,9.2,0.062,-0.33,42.0,1,-1,3,0,-1,0,0,0,0,-3,-3,0,-2,-3,-1,4,1,-3,-2,-2,7.0,7.0,27.0,27.0,34.0,2.27,2.0
235,76,59,0.7763157890000001,0.44970414200000003,0.34911242600000003,1,-1,-1,-3,-3,0,-4,-3,4,-3,2,1,-3,-3,-3,-3,-2,-1,3,-3,-1,0.73,-1.8,5.2,0.18600000000000003,0.44,22.8,-1,-3,-3,-3,-1,-3,-3,-4,-4,4,1,-3,1,0,-3,-2,-1,-3,-1,3,21.0,21.0,22.0,22.0,43.0,4.79,4.76
236,31,31,1.0,0.238461538,0.238461538,0,1,-1,0,0,-2,0,-1,-2,0,-2,-1,1,-1,0,-1,4,1,-2,-3,-2,-0.26,0.3,9.2,0.062,-0.33,42.0,3,-1,0,-1,-1,0,0,0,-1,-2,-2,0,-1,-3,-1,3,1,-3,-2,-1,27.0,25.0,21.0,19.0,46.0,6.33,6.64
237,169,48,0.284023669,0.8711340209999999,0.24742268,0,-1,-4,2,5,-3,-2,0,-3,1,-3,-2,0,-1,2,0,0,-1,-2,-3,-2,-0.62,3.0,12.3,0.151,-0.13,68.2,-1,0,0,2,-4,2,5,-2,0,-4,-3,1,-2,-4,-1,0,-1,-3,-2,-3,10.0,8.0,21.0,19.0,29.0,1.83,2.0
238,2,1,0.5,0.014084507,0.007042254,0,0,-1,-3,-2,-1,-3,-3,3,-2,1,1,-3,-2,-2,-3,-2,0,4,-3,-1,0.54,-1.5,5.9,0.14,0.27,23.7,-1,-3,-3,-3,-1,-3,-3,-4,-3,3,1,-3,1,-1,-3,-2,0,-3,-1,4,16.0,15.0,37.0,36.0,52.0,4.84,4.83
239,89,20,0.224719101,0.54601227,0.122699387,0,-2,-3,6,2,-3,-1,-1,-3,-1,-4,-3,1,-1,0,-2,0,-1,-3,-4,-3,-0.72,3.0,13.0,0.105,-0.38,60.6,-1,-1,0,4,-4,1,4,-2,-1,-3,-3,0,-3,-4,-1,0,-1,-4,-3,-3,11.0,14.0,24.0,27.0,38.0,2.1,2.69
240,83,58,0.6987951809999999,0.42783505200000005,0.298969072,0,-1,-4,2,5,-3,-2,0,-3,1,-3,-2,0,-1,2,0,0,-1,-2,-3,-2,-0.62,3.0,12.3,0.151,-0.13,68.2,-1,0,0,2,-4,2,5,-2,0,-4,-3,1,-2,-4,-1,0,-1,-3,-2,-3,14.0,25.0,20.0,31.0,45.0,2.55,2.54
241,37,36,0.972972973,0.180487805,0.175609756,1,-1,-3,-1,1,-3,-2,-1,-3,5,-2,-1,0,-1,1,2,0,-1,-2,-3,-2,-1.1,3.0,11.3,0.21899999999999997,-0.36,103.0,-1,1,-1,-1,-3,2,1,-2,-1,-2,-1,4,-1,1,-2,-1,-1,-2,-1,-2,20.0,15.0,27.0,22.0,42.0,3.53,2.0
242,129,123,0.953488372,0.581081081,0.554054054,1,-2,-2,-3,-2,3,-3,2,-1,-2,-1,-1,-2,-3,-1,-2,-2,-2,-1,2,7,0.02,-2.3,6.2,0.298,0.66,55.2,-2,-2,-2,-2,-3,-1,0,-3,0,-2,-2,-2,-2,1,2,-2,-2,1,7,-2,21.0,22.0,18.0,19.0,40.0,2.74,2.65
243,136,110,0.8088235290000001,0.663414634,0.5365853660000001,1,-1,-3,-1,1,-3,-2,-1,-3,5,-2,-1,0,-1,1,2,0,-1,-2,-3,-2,-1.1,3.0,11.3,0.21899999999999997,-0.36,103.0,0,2,0,-1,-2,0,0,0,2,-2,-2,2,-1,-2,-1,1,0,-2,-1,-2,22.0,19.0,28.0,25.0,47.0,3.09,3.8
244,125,125,1.0,0.7961783440000001,0.7961783440000001,1,-2,-3,1,0,-3,0,1,-3,0,-3,-2,6,-2,0,0,1,0,-3,-4,-2,-0.64,2.0,11.6,0.134,0.12,60.1,0,-1,1,1,-1,1,0,-1,-1,-1,0,0,-1,-1,-1,2,1,-2,-1,-1,28.0,23.0,27.0,22.0,50.0,4.42,4.3
245,45,22,0.488888889,0.346153846,0.16923076899999998,0,1,-1,0,0,-2,0,-1,-2,0,-2,-1,1,-1,0,-1,4,1,-2,-3,-2,-0.26,0.3,9.2,0.062,-0.33,42.0,-1,0,-1,1,-2,-1,0,2,2,-2,-2,-1,-2,-1,-2,1,-1,7,0,-2,19.0,20.0,25.0,26.0,45.0,2.4,2.0
246,172,76,0.441860465,0.886597938,0.39175257700000005,0,-1,-4,2,5,-3,-2,0,-3,1,-3,-2,0,-1,2,0,0,-1,-2,-3,-2,-0.62,3.0,12.3,0.151,-0.13,68.2,-1,0,2,1,-2,1,1,-2,-1,0,-2,2,-1,-3,-2,1,0,-3,-2,-1,12.0,15.0,20.0,23.0,35.0,1.77,2.31
247,84,51,0.607142857,0.370044053,0.224669604,1,-3,-2,-4,-3,1,-2,-2,-3,-3,-2,-1,-4,-4,-2,-3,-3,-2,-3,11,2,0.37,-3.4,5.4,0.409,0.83,34.7,-2,-2,1,-3,-3,-2,-2,-3,0,-2,0,-2,-1,1,-3,-2,0,6,6,-2,19.0,15.0,31.0,27.0,46.0,3.46,5.73
248,41,24,0.585365854,0.165322581,0.09677419400000001,0,-1,-3,-2,0,-3,-2,0,-3,2,-2,-1,0,-2,1,5,-1,-1,-3,-3,-2,-1.76,3.0,10.5,0.29100000000000004,0.27,94.7,-2,7,-1,-2,-4,0,-1,-3,-1,-4,-3,3,-2,-4,-3,-2,-2,-4,-3,-3,14.0,12.0,34.0,32.0,46.0,3.7,5.24
249,174,72,0.413793103,0.8487804879999999,0.351219512,0,-1,-3,-1,1,-3,-2,-1,-3,5,-2,-1,0,-1,1,2,0,-1,-2,-3,-2,-1.1,3.0,11.3,0.21899999999999997,-0.36,103.0,-1,3,-1,-1,-3,1,3,-2,-1,-2,-1,2,2,-2,-2,-1,1,-3,-2,-2,9.0,12.0,24.0,27.0,36.0,1.91,2.33
250,163,100,0.613496933,0.7342342340000001,0.45045045,1,-2,-2,-3,-2,3,-3,2,-1,-2,-1,-1,-2,-3,-1,-2,-2,-2,-1,2,7,0.02,-2.3,6.2,0.298,0.66,55.2,-2,-2,-2,-3,-3,-2,-2,-3,2,-2,-1,-2,-1,3,-3,-2,-2,2,7,-1,17.0,12.0,18.0,13.0,30.0,2.44,2.0
251,135,132,0.977777778,0.8282208590000001,0.8098159509999999,1,-2,-3,6,2,-3,-1,-1,-3,-1,-4,-3,1,-1,0,-2,0,-1,-3,-4,-3,-0.72,3.0,13.0,0.105,-0.38,60.6,-2,-2,1,6,-4,0,2,-1,-1,-3,-4,-1,-3,-4,-2,0,-1,-5,-3,-3,24.0,21.0,24.0,21.0,45.0,7.15,7.48
252,92,90,0.97826087,0.564417178,0.552147239,1,-2,-3,6,2,-3,-1,-1,-3,-1,-4,-3,1,-1,0,-2,0,-1,-3,-4,-3,-0.72,3.0,13.0,0.105,-0.38,60.6,-2,-2,1,6,-4,0,2,-1,-1,-3,-4,-1,-3,-4,-2,0,-1,-5,-3,-3,32.0,27.0,28.0,23.0,55.0,7.83,7.32
253,71,42,0.5915492960000001,0.5,0.29577464800000003,0,0,-1,-1,-1,-2,-2,-2,-1,-1,-1,-1,0,-1,-1,-1,1,5,0,-2,-2,-0.18,-0.4,8.6,0.10800000000000001,-0.18,45.0,0,-1,0,-1,-1,-1,-1,-2,-2,-1,-1,-1,-1,-2,-1,1,5,-3,-2,0,25.0,23.0,25.0,23.0,48.0,2.97,2.41
254,40,40,1.0,0.206185567,0.206185567,1,-1,-4,2,5,-3,-2,0,-3,1,-3,-2,0,-1,2,0,0,-1,-2,-3,-2,-0.62,3.0,12.3,0.151,-0.13,68.2,3,-2,-2,0,-3,0,5,-2,-2,-4,-4,-1,-3,-4,-2,-1,-2,-4,-3,-3,21.0,23.0,19.0,21.0,42.0,5.11,5.09
255,38,16,0.42105263200000004,0.267605634,0.112676056,0,0,-1,-1,-1,-2,-2,-2,-1,-1,-1,-1,0,-1,-1,-1,1,5,0,-2,-2,-0.18,-0.4,8.6,0.10800000000000001,-0.18,45.0,0,-1,-1,-1,-2,-1,-1,3,-2,-1,-2,1,-1,-2,-2,0,2,-3,-2,0,22.0,16.0,11.0,5.0,27.0,2.29,2.0
256,110,5,0.045454545,0.846153846,0.038461537999999997,0,1,-1,0,0,-2,0,-1,-2,0,-2,-1,1,-1,0,-1,4,1,-2,-3,-2,-0.26,0.3,9.2,0.062,-0.33,42.0,2,0,0,2,-1,0,0,-1,-1,-2,-2,2,-2,-3,-1,2,0,-3,-2,-1,0.0,0.0,20.0,20.0,20.0,1.9,2.0
257,41,8,0.19512195100000002,0.315384615,0.061538462,0,1,-1,0,0,-2,0,-1,-2,0,-2,-1,1,-1,0,-1,4,1,-2,-3,-2,-0.26,0.3,9.2,0.062,-0.33,42.0,1,-1,0,0,-1,0,2,-1,-1,-2,-2,0,-1,-3,-1,2,3,-3,-2,-1,4.0,3.0,23.0,22.0,26.0,2.34,2.0
258,30,29,0.966666667,0.18292682899999999,0.176829268,1,-1,-1,-4,-3,0,-4,-3,2,-2,4,2,-3,-3,-2,-2,-2,-1,1,-2,-1,0.53,-1.8,4.9,0.18600000000000003,0.4,27.6,-1,-2,0,3,-2,-1,0,-2,3,0,1,-1,0,-1,-2,-1,-1,-3,-1,1,28.0,25.0,16.0,13.0,41.0,4.84,3.88
259,80,58,0.725,0.563380282,0.408450704,1,0,-1,-3,-2,-1,-3,-3,3,-2,1,1,-3,-2,-2,-3,-2,0,4,-3,-1,0.54,-1.5,5.9,0.14,0.27,23.7,-1,-2,1,2,-2,-1,-1,-2,-2,2,1,-2,0,-1,-2,-1,-1,-3,-2,2,18.0,22.0,23.0,27.0,45.0,2.5,3.01
260,13,13,1.0,0.091549296,0.091549296,0,0,-1,-3,-2,-1,-3,-3,3,-2,1,1,-3,-2,-2,-3,-2,0,4,-3,-1,0.54,-1.5,5.9,0.14,0.27,23.7,0,-2,-2,-2,-1,-2,-2,-2,-2,2,2,-2,1,-1,-2,-1,0,-2,-1,3,33.0,31.0,21.0,19.0,52.0,5.65,5.68
261,52,23,0.44230769200000003,0.366197183,0.16197183099999998,0,0,-1,-1,-1,-2,-2,-2,-1,-1,-1,-1,0,-1,-1,-1,1,5,0,-2,-2,-0.18,-0.4,8.6,0.10800000000000001,-0.18,45.0,-1,1,-1,0,-2,1,3,-2,-1,-1,0,0,0,-2,-2,0,2,-3,-2,-1,13.0,13.0,26.0,26.0,39.0,2.84,3.45
262,65,41,0.630769231,0.33505154600000003,0.211340206,1,-1,-4,2,5,-3,-2,0,-3,1,-3,-2,0,-1,2,0,0,-1,-2,-3,-2,-0.62,3.0,12.3,0.151,-0.13,68.2,-1,0,-1,0,-2,1,3,-2,-1,1,-1,2,-1,-2,-2,-1,-1,-3,-2,1,16.0,17.0,21.0,22.0,38.0,2.26,2.67
263,28,0,0.0,0.152173913,0.0,0,-2,-3,-1,0,-1,-2,8,-3,-1,-3,-2,1,-2,0,0,-1,-2,-3,-2,2,-0.4,-0.5,10.4,0.23,0.41,50.7,-2,0,0,-1,-3,0,0,-2,8,-4,-3,-1,-2,-1,-2,-1,-2,-3,2,-3,28.0,25.0,11.0,8.0,36.0,2.44,2.74
264,42,7,0.166666667,0.323076923,0.05384615400000001,0,1,-1,0,0,-2,0,-1,-2,0,-2,-1,1,-1,0,-1,4,1,-2,-3,-2,-0.26,0.3,9.2,0.062,-0.33,42.0,0,-1,1,3,-2,0,0,-1,-1,-3,-3,0,-2,-3,-1,3,1,-3,-2,-2,13.0,14.0,16.0,17.0,30.0,2.24,2.0
265,38,38,1.0,0.292307692,0.292307692,1,1,-1,0,0,-2,0,-1,-2,0,-2,-1,1,-1,0,-1,4,1,-2,-3,-2,-0.26,0.3,9.2,0.062,-0.33,42.0,1,-1,0,0,-1,0,0,-1,-1,-2,-2,0,-1,-2,-1,4,2,-3,-2,-1,25.0,29.0,19.0,23.0,48.0,5.74,5.77
266,74,44,0.594594595,0.45398773,0.26993865,1,-2,-3,6,2,-3,-1,-1,-3,-1,-4,-3,1,-1,0,-2,0,-1,-3,-4,-3,-0.72,3.0,13.0,0.105,-0.38,60.6,-2,-2,1,6,-4,0,1,-1,-1,-3,-4,-1,-3,-4,-2,0,-1,-4,-3,-3,13.0,16.0,26.0,29.0,42.0,3.64,4.71
267,11,11,1.0,0.065088757,0.065088757,0,-1,-1,-3,-3,0,-4,-3,4,-3,2,1,-3,-3,-3,-3,-2,-1,3,-3,-1,0.73,-1.8,5.2,0.18600000000000003,0.44,22.8,-1,-3,-3,-3,-1,-3,-3,-4,-3,4,2,-3,1,0,-3,-3,-1,-3,-1,2,30.0,35.0,21.0,26.0,56.0,6.88,6.74
268,98,96,0.9795918370000001,0.441441441,0.43243243200000003,1,-2,-2,-3,-2,3,-3,2,-1,-2,-1,-1,-2,-3,-1,-2,-2,-2,-1,2,7,0.02,-2.3,6.2,0.298,0.66,55.2,-2,-2,-2,-3,-3,-2,-2,-3,2,-2,-1,-2,-1,3,-3,-2,-2,2,7,-1,28.0,28.0,22.0,22.0,50.0,5.35,3.77
269,176,102,0.579545455,0.7927927929999999,0.45945945899999996,1,-2,-2,-3,-2,3,-3,2,-1,-2,-1,-1,-2,-3,-1,-2,-2,-2,-1,2,7,0.02,-2.3,6.2,0.298,0.66,55.2,-2,-2,-2,-3,-3,-2,-2,-3,2,-2,-1,-2,-1,3,-3,-2,-2,2,7,-1,16.0,13.0,23.0,20.0,36.0,2.37,2.0
270,229,96,0.419213974,0.923387097,0.387096774,1,-1,-3,-2,0,-3,-2,0,-3,2,-2,-1,0,-2,1,5,-1,-1,-3,-3,-2,-1.76,3.0,10.5,0.29100000000000004,0.27,94.7,-1,2,3,1,-4,0,3,2,-1,-4,-4,1,-2,-4,-3,1,0,-4,-3,-3,10.0,16.0,16.0,22.0,32.0,2.85,4.69
271,18,18,1.0,0.12676056300000002,0.12676056300000002,1,0,-1,-3,-2,-1,-3,-3,3,-2,1,1,-3,-2,-2,-3,-2,0,4,-3,-1,0.54,-1.5,5.9,0.14,0.27,23.7,0,-2,-2,-2,-1,-2,-2,-2,-2,2,2,-2,1,-1,-2,-1,0,-2,-1,3,30.0,29.0,22.0,21.0,51.0,5.66,5.48
272,58,45,0.7758620690000001,0.298969072,0.231958763,1,-1,-4,2,5,-3,-2,0,-3,1,-3,-2,0,-1,2,0,0,-1,-2,-3,-2,-0.62,3.0,12.3,0.151,-0.13,68.2,-1,0,-1,0,-2,1,3,-2,-1,1,-1,2,-1,-2,-2,-1,-1,-3,-2,1,16.0,16.0,20.0,20.0,36.0,2.58,2.58
273,36,36,1.0,0.276923077,0.276923077,1,1,-1,0,0,-2,0,-1,-2,0,-2,-1,1,-1,0,-1,4,1,-2,-3,-2,-0.26,0.3,9.2,0.062,-0.33,42.0,1,-1,0,0,-1,0,0,-1,-1,-2,-2,0,-1,-2,-1,4,2,-3,-2,-1,26.0,29.0,20.0,23.0,49.0,5.7,5.78
274,30,1,0.033333333,0.220588235,0.007352941,1,-1,-3,-1,-1,-4,-2,-2,-3,-1,-3,-2,-2,7,-1,-2,-1,-1,-2,-4,-3,-0.07,0.0,8.0,0.131,-0.25,51.5,-1,-2,-2,-2,-3,-1,-1,-2,-2,-3,-3,-1,-3,-4,8,-1,-1,-4,-3,-3,23.0,23.0,13.0,13.0,36.0,2.22,2.76
275,173,160,0.924855491,1.054878049,0.975609756,1,-1,-1,-4,-3,0,-4,-3,2,-2,4,2,-3,-3,-2,-2,-2,-1,1,-2,-1,0.53,-1.8,4.9,0.18600000000000003,0.4,27.6,-2,-2,0,-2,-3,-1,-1,-3,-3,0,4,-2,2,0,2,0,-1,-4,-3,-1,27.0,28.0,20.0,21.0,48.0,7.12,6.91
276,179,155,0.865921788,0.9086294420000001,0.78680203,1,-2,-2,-3,-3,6,-3,-1,0,-3,0,0,-3,-4,-3,-3,-2,-2,-1,1,3,0.61,-2.5,5.2,0.29,0.82,25.5,-2,-3,-3,-4,-3,-4,-4,-3,-1,0,0,-3,0,7,-4,-3,-2,1,3,-1,26.0,25.0,20.0,19.0,45.0,5.04,4.5
277,82,81,0.9878048779999999,0.577464789,0.570422535,1,0,-1,-1,-1,-2,-2,-2,-1,-1,-1,-1,0,-1,-1,-1,1,5,0,-2,-2,-0.18,-0.4,8.6,0.10800000000000001,-0.18,45.0,-1,-2,-1,-2,-2,-2,-2,-3,1,-2,-2,-2,-2,-3,2,0,6,-3,-2,-1,30.0,31.0,33.0,34.0,64.0,6.77,7.42
278,74,70,0.9459459459999999,0.38144329899999996,0.36082474200000003,1,-1,-4,2,5,-3,-2,0,-3,1,-3,-2,0,-1,2,0,0,-1,-2,-3,-2,-0.62,3.0,12.3,0.151,-0.13,68.2,-3,-2,2,6,-4,-1,2,-2,-2,-4,-4,-1,-4,-4,-2,-1,-2,-5,-4,-4,25.0,29.0,33.0,37.0,62.0,6.38,7.83
279,159,106,0.666666667,0.716216216,0.47747747700000004,1,-2,-2,-3,-2,3,-3,2,-1,-2,-1,-1,-2,-3,-1,-2,-2,-2,-1,2,7,0.02,-2.3,6.2,0.298,0.66,55.2,-3,-3,-3,-4,-3,-3,-3,-4,-1,0,2,-3,0,5,-4,-3,-2,0,5,-1,24.0,25.0,21.0,22.0,46.0,4.78,7.24
280,23,1,0.043478261,0.092741935,0.0040322579999999995,1,-1,-3,-2,0,-3,-2,0,-3,2,-2,-1,0,-2,1,5,-1,-1,-3,-3,-2,-1.76,3.0,10.5,0.29100000000000004,0.27,94.7,-2,7,-1,-3,-5,0,-1,-3,-1,-4,-3,1,-2,-4,-3,-2,-2,-4,-3,-4,17.0,17.0,18.0,18.0,35.0,4.82,5.42
281,25,7,0.28,0.10080645199999999,0.028225806000000003,1,-1,-3,-2,0,-3,-2,0,-3,2,-2,-1,0,-2,1,5,-1,-1,-3,-3,-2,-1.76,3.0,10.5,0.29100000000000004,0.27,94.7,-2,6,-2,-3,-4,0,-1,-3,-1,-1,-2,1,-2,2,-3,-2,-2,5,-1,-2,24.0,22.0,27.0,25.0,49.0,6.44,6.97
282,70,42,0.6,0.49295774600000003,0.29577464800000003,0,0,-1,-1,-1,-2,-2,-2,-1,-1,-1,-1,0,-1,-1,-1,1,5,0,-2,-2,-0.18,-0.4,8.6,0.10800000000000001,-0.18,45.0,-1,0,-3,-2,-3,1,0,-3,0,-1,-3,0,-3,-1,3,1,3,-4,-2,1,17.0,21.0,18.0,22.0,39.0,2.87,2.5
283,184,180,0.97826087,0.897560976,0.87804878,1,-1,-3,-1,1,-3,-2,-1,-3,5,-2,-1,0,-1,1,2,0,-1,-2,-3,-2,-1.1,3.0,11.3,0.21899999999999997,-0.36,103.0,-2,4,1,-2,-4,0,-1,0,0,-4,-1,3,1,-1,-4,-1,2,-4,0,-3,39.0,33.0,31.0,25.0,64.0,6.94,6.62
284,210,199,0.947619048,0.8467741940000001,0.802419355,0,-1,-3,-2,0,-3,-2,0,-3,2,-2,-1,0,-2,1,5,-1,-1,-3,-3,-2,-1.76,3.0,10.5,0.29100000000000004,0.27,94.7,-1,0,1,-3,-4,-1,-1,-2,2,-1,-1,-1,1,2,-1,2,-2,3,4,-1,32.0,26.0,33.0,27.0,59.0,3.12,3.95
285,114,69,0.605263158,0.674556213,0.40828402399999997,0,-1,-1,-3,-3,0,-4,-3,4,-3,2,1,-3,-3,-3,-3,-2,-1,3,-3,-1,0.73,-1.8,5.2,0.18600000000000003,0.44,22.8,-1,1,-3,-3,-4,1,-1,-2,1,-1,-1,0,-3,0,5,-1,1,-4,-2,-1,22.0,22.0,29.0,29.0,51.0,2.4,2.7
286,60,26,0.433333333,0.422535211,0.183098592,0,0,-1,-3,-2,-1,-3,-3,3,-2,1,1,-3,-2,-2,-3,-2,0,4,-3,-1,0.54,-1.5,5.9,0.14,0.27,23.7,-2,-2,-2,-2,-4,-1,-3,-5,-1,4,0,-1,4,0,-3,-2,1,3,-2,2,24.0,25.0,24.0,25.0,49.0,2.38,3.17
287,171,70,0.409356725,0.689516129,0.282258065,0,-1,-3,-2,0,-3,-2,0,-3,2,-2,-1,0,-2,1,5,-1,-1,-3,-3,-2,-1.76,3.0,10.5,0.29100000000000004,0.27,94.7,-2,2,1,-1,-5,2,2,4,1,-5,-2,0,-1,-4,-2,-2,-3,-4,0,-4,15.0,8.0,25.0,18.0,33.0,2.23,2.0
288,56,31,0.553571429,0.39436619700000003,0.218309859,0,0,-1,-1,-1,-2,-2,-2,-1,-1,-1,-1,0,-1,-1,-1,1,5,0,-2,-2,-0.18,-0.4,8.6,0.10800000000000001,-0.18,45.0,0,-1,0,-1,-1,-1,-1,-2,-2,-1,-1,-1,-1,-2,-1,1,5,-2,-2,0,14.0,13.0,27.0,26.0,40.0,2.23,2.54
289,70,69,0.985714286,0.36082474200000003,0.35567010299999996,1,-1,-4,2,5,-3,-2,0,-3,1,-3,-2,0,-1,2,0,0,-1,-2,-3,-2,-0.62,3.0,12.3,0.151,-0.13,68.2,-1,0,0,1,-4,2,5,-2,0,-3,-3,1,-2,-3,-1,0,-1,-3,-2,-2,21.0,28.0,24.0,31.0,52.0,5.16,5.71
290,158,152,0.962025316,0.770731707,0.741463415,0,-1,-3,-1,1,-3,-2,-1,-3,5,-2,-1,0,-1,1,2,0,-1,-2,-3,-2,-1.1,3.0,11.3,0.21899999999999997,-0.36,103.0,-1,2,0,-1,-3,1,1,-2,-1,-3,-2,4,-1,-3,-1,0,-1,-3,-2,-2,23.0,24.0,27.0,28.0,51.0,2.37,2.64
291,78,75,0.961538462,0.380487805,0.365853659,1,-1,-3,-1,1,-3,-2,-1,-3,5,-2,-1,0,-1,1,2,0,-1,-2,-3,-2,-1.1,3.0,11.3,0.21899999999999997,-0.36,103.0,-1,2,0,-1,-3,1,1,-2,-1,-3,-2,4,-1,-3,-1,0,-1,-3,-2,-2,26.0,32.0,21.0,27.0,53.0,4.13,4.86
292,112,82,0.732142857,0.7133757959999999,0.522292994,1,-2,-3,1,0,-3,0,1,-3,0,-3,-2,6,-2,0,0,1,0,-3,-4,-2,-0.64,2.0,11.6,0.134,0.12,60.1,-2,0,6,1,-3,0,0,0,1,-3,-3,0,-2,-3,-2,1,0,-4,-2,-3,14.0,14.0,16.0,16.0,30.0,1.92,2.0
293,124,42,0.33870967700000004,0.760736196,0.25766871199999997,0,-2,-3,6,2,-3,-1,-1,-3,-1,-4,-3,1,-1,0,-2,0,-1,-3,-4,-3,-0.72,3.0,13.0,0.105,-0.38,60.6,-2,-2,1,6,-3,0,1,-1,-1,-3,-4,-1,-3,-3,-1,0,-1,-4,-3,-3,8.0,12.0,22.0,26.0,34.0,1.87,2.72
294,64,56,0.875,0.281938326,0.246696035,1,-3,-2,-4,-3,1,-2,-2,-3,-3,-2,-1,-4,-4,-2,-3,-3,-2,-3,11,2,0.37,-3.4,5.4,0.409,0.83,34.7,-3,-3,-4,-4,-2,-2,-3,-2,-2,-3,-2,-3,-1,1,-4,-3,-2,10,2,-3,27.0,30.0,13.0,16.0,43.0,3.31,2.33
295,97,73,0.75257732,0.683098592,0.5140845070000001,1,0,-1,-1,-1,-2,-2,-2,-1,-1,-1,-1,0,-1,-1,-1,1,5,0,-2,-2,-0.18,-0.4,8.6,0.10800000000000001,-0.18,45.0,-1,0,-3,-3,-4,-3,-3,-4,-1,-3,-3,-1,0,-4,5,1,5,-5,-4,-1,29.0,27.0,31.0,29.0,58.0,3.27,2.88
296,168,167,0.994047619,1.0243902440000001,1.0182926829999999,1,-1,-1,-4,-3,0,-4,-3,2,-2,4,2,-3,-3,-2,-2,-2,-1,1,-2,-1,0.53,-1.8,4.9,0.18600000000000003,0.4,27.6,-1,4,-2,-2,-3,1,-2,-1,0,-1,1,1,3,-3,0,-1,-1,-4,-3,-1,39.0,34.0,28.0,23.0,62.0,6.4,6.6
297,77,56,0.727272727,0.396907216,0.28865979399999997,1,-1,-4,2,5,-3,-2,0,-3,1,-3,-2,0,-1,2,0,0,-1,-2,-3,-2,-0.62,3.0,12.3,0.151,-0.13,68.2,-2,-1,0,2,-4,1,4,-3,2,0,-1,0,0,-3,-3,0,0,-4,-1,0,23.0,26.0,32.0,35.0,58.0,3.97,5.15
298,141,122,0.865248227,0.635135135,0.54954955,1,-2,-2,-3,-2,3,-3,2,-1,-2,-1,-1,-2,-3,-1,-2,-2,-2,-1,2,7,0.02,-2.3,6.2,0.298,0.66,55.2,-3,-2,-1,-2,-4,0,-2,-4,1,-3,-1,-2,1,2,-2,-1,-3,3,7,-1,30.0,28.0,30.0,28.0,58.0,3.48,4.77
299,190,100,0.526315789,0.766129032,0.403225806,1,-1,-3,-2,0,-3,-2,0,-3,2,-2,-1,0,-2,1,5,-1,-1,-3,-3,-2,-1.76,3.0,10.5,0.29100000000000004,0.27,94.7,-1,2,3,2,-3,0,0,-3,-2,-1,-1,1,3,1,-3,-1,-1,-3,-1,-1,17.0,12.0,32.0,27.0,44.0,2.29,2.0
300,99,55,0.5555555560000001,0.6305732479999999,0.350318471,0,-2,-3,1,0,-3,0,1,-3,0,-3,-2,6,-2,0,0,1,0,-3,-4,-2,-0.64,2.0,11.6,0.134,0.12,60.1,-2,0,6,1,-3,0,0,0,1,-3,-3,0,-2,-3,-2,1,0,-4,-2,-3,8.0,10.0,25.0,27.0,35.0,2.1,2.65
301,26,26,1.0,0.153846154,0.153846154,1,-1,-1,-3,-3,0,-4,-3,4,-3,2,1,-3,-3,-3,-3,-2,-1,3,-3,-1,0.73,-1.8,5.2,0.18600000000000003,0.44,22.8,-1,-3,-3,-3,-1,-3,-3,-4,-3,4,2,-3,1,0,-3,-2,-1,-3,-1,3,23.0,20.0,22.0,19.0,42.0,4.96,5.07
302,121,58,0.47933884299999996,0.590243902,0.282926829,0,-1,-3,-1,1,-3,-2,-1,-3,5,-2,-1,0,-1,1,2,0,-1,-2,-3,-2,-1.1,3.0,11.3,0.21899999999999997,-0.36,103.0,-1,4,0,-1,-3,1,0,-2,-1,-3,-2,4,-1,-3,-1,0,-1,-3,-2,-2,14.0,18.0,19.0,23.0,37.0,2.16,2.0
303,180,109,0.605555556,0.810810811,0.490990991,0,-2,-2,-3,-2,3,-3,2,-1,-2,-1,-1,-2,-3,-1,-2,-2,-2,-1,2,7,0.02,-2.3,6.2,0.298,0.66,55.2,-2,-2,-2,-3,-2,-1,-2,-3,2,-1,-1,-2,-1,3,-3,-2,-2,2,7,-1,13.0,14.0,14.0,15.0,28.0,2.54,2.67
304,121,94,0.776859504,0.7378048779999999,0.573170732,0,-1,-1,-4,-3,0,-4,-3,2,-2,4,2,-3,-3,-2,-2,-2,-1,1,-2,-1,0.53,-1.8,4.9,0.18600000000000003,0.4,27.6,-1,-2,-3,-4,-1,-2,-3,-4,-3,2,4,-2,2,0,-3,-2,-1,-2,-1,1,28.0,23.0,13.0,8.0,36.0,3.62,3.17
305,76,19,0.25,0.466257669,0.11656441699999999,0,-2,-3,6,2,-3,-1,-1,-3,-1,-4,-3,1,-1,0,-2,0,-1,-3,-4,-3,-0.72,3.0,13.0,0.105,-0.38,60.6,-2,-2,1,6,-3,0,2,-1,-1,-3,-4,-1,-3,-4,-1,0,-1,-4,-3,-3,5.0,3.0,28.0,26.0,31.0,2.26,2.0
306,92,83,0.9021739129999999,0.5443786979999999,0.49112426,1,-1,-1,-3,-3,0,-4,-3,4,-3,2,1,-3,-3,-3,-3,-2,-1,3,-3,-1,0.73,-1.8,5.2,0.18600000000000003,0.44,22.8,-1,-3,-3,-3,-1,-3,-3,-4,-3,4,2,-3,1,0,-3,-2,-1,-3,-1,3,20.0,29.0,10.0,19.0,39.0,4.31,4.5
307,110,93,0.845454545,0.558375635,0.47208121799999997,1,-2,-2,-3,-3,6,-3,-1,0,-3,0,0,-3,-4,-3,-3,-2,-2,-1,1,3,0.61,-2.5,5.2,0.29,0.82,25.5,-2,-3,-3,-4,-2,-3,-3,-3,-1,0,0,-3,0,6,-4,-2,-2,1,3,-1,24.0,20.0,12.0,8.0,32.0,2.45,2.72
308,82,65,0.792682927,0.5,0.39634146299999995,1,-1,-1,-4,-3,0,-4,-3,2,-2,4,2,-3,-3,-2,-2,-2,-1,1,-2,-1,0.53,-1.8,4.9,0.18600000000000003,0.4,27.6,-1,-2,-3,-4,-1,-2,-3,-4,-3,2,4,-2,2,0,-3,-2,-1,-2,-1,1,16.0,18.0,14.0,16.0,32.0,2.77,3.09
309,147,0,0.0,0.7170731709999999,0.0,0,-1,-3,-1,1,-3,-2,-1,-3,5,-2,-1,0,-1,1,2,0,-1,-2,-3,-2,-1.1,3.0,11.3,0.21899999999999997,-0.36,103.0,-1,2,0,-1,-3,1,1,-2,-1,-3,-2,5,-1,-3,-1,0,-1,-3,-2,-2,12.0,5.0,12.0,5.0,17.0,1.89,2.0
310,137,64,0.467153285,0.6919191920000001,0.323232323,0,-1,-3,0,2,-3,-2,0,-3,1,-2,0,0,-1,5,1,0,-1,-2,-2,-1,-0.69,0.2,10.5,0.18,-0.11,68.7,-1,1,0,0,-3,5,2,-2,0,-3,-2,1,0,-3,-1,0,-1,-2,-1,-2,18.0,15.0,7.0,4.0,22.0,1.92,2.0
311,81,81,1.0,0.570422535,0.570422535,1,0,-1,-3,-2,-1,-3,-3,3,-2,1,1,-3,-2,-2,-3,-2,0,4,-3,-1,0.54,-1.5,5.9,0.14,0.27,23.7,0,-3,-3,-3,-1,-2,-3,-3,-3,3,1,-3,1,-1,-3,-2,0,-3,-1,4,24.0,23.0,13.0,12.0,36.0,4.63,5.15
312,192,138,0.71875,0.8458149779999999,0.607929515,1,-3,-2,-4,-3,1,-2,-2,-3,-3,-2,-1,-4,-4,-2,-3,-3,-2,-3,11,2,0.37,-3.4,5.4,0.409,0.83,34.7,-3,-3,-4,-5,-3,-2,-3,-3,-3,-3,-2,-3,-2,1,-4,-3,-3,12,2,-3,18.0,20.0,12.0,14.0,32.0,2.21,2.0
